,time,open,high,low,close,volume,ticker
0,2017-01-03,2.39,2.47,2.36,2.38,49690,AGR
1,2017-01-04,2.38,2.38,2.29,2.29,57190,AGR
2,2017-01-05,2.29,2.34,2.28,2.33,61050,AGR
3,2017-01-06,2.33,2.43,2.32,2.32,85850,AGR
4,2017-01-09,2.37,2.38,2.34,2.35,107450,AGR
5,2017-01-10,2.37,2.45,2.36,2.42,111630,AGR
6,2017-01-11,2.4,2.44,2.39,2.43,204630,AGR
7,2017-01-12,2.44,2.44,2.39,2.43,113890,AGR
8,2017-01-13,2.41,2.44,2.38,2.43,87510,AGR
9,2017-01-16,2.44,2.44,2.35,2.41,68340,AGR
10,2017-01-17,2.37,2.41,2.37,2.4,49490,AGR
11,2017-01-18,2.4,2.41,2.39,2.4,134050,AGR
12,2017-01-19,2.42,2.47,2.4,2.47,220420,AGR
13,2017-01-20,2.47,2.51,2.47,2.5,118770,AGR
14,2017-01-23,2.53,2.56,2.5,2.56,86350,AGR
15,2017-01-24,2.56,2.59,2.55,2.57,224030,AGR
16,2017-01-25,2.58,2.74,2.58,2.74,605650,AGR
17,2017-02-02,2.79,2.93,2.75,2.93,379370,AGR
18,2017-02-03,2.99,3.13,2.99,3.04,523060,AGR
19,2017-02-06,3.04,3.1,3.03,3.06,468610,AGR
20,2017-02-07,3.04,3.06,2.99,3.0,357360,AGR
21,2017-02-08,2.95,3.04,2.95,3.01,164550,AGR
22,2017-02-09,3.04,3.22,2.84,3.22,757090,AGR
23,2017-02-10,3.31,3.4,3.22,3.36,702680,AGR
24,2017-02-13,3.41,3.59,3.36,3.59,732220,AGR
25,2017-02-14,3.6,3.85,3.51,3.59,1318960,AGR
26,2017-02-15,3.6,3.79,3.51,3.65,1018540,AGR
27,2017-02-16,3.7,3.7,3.4,3.4,1031130,AGR
28,2017-02-17,3.33,3.46,3.17,3.23,1063660,AGR
29,2017-02-20,3.13,3.27,3.02,3.21,532610,AGR
30,2017-02-21,3.23,3.41,3.23,3.32,479330,AGR
31,2017-02-22,3.36,3.36,3.1,3.13,318540,AGR
32,2017-02-23,3.05,3.2,2.99,2.99,422990,AGR
33,2017-02-24,2.89,3.0,2.79,2.79,667020,AGR
34,2017-02-27,2.79,2.99,2.79,2.99,312110,AGR
35,2017-02-28,3.16,3.2,3.15,3.2,586290,AGR
36,2017-03-01,3.2,3.2,2.98,3.04,296310,AGR
37,2017-03-02,3.08,3.13,2.99,3.04,202490,AGR
38,2017-03-03,3.08,3.08,2.94,2.94,209530,AGR
39,2017-03-06,2.96,3.14,2.96,3.07,377920,AGR
40,2017-03-07,3.07,3.13,3.04,3.07,183560,AGR
41,2017-03-08,3.1,3.1,3.04,3.05,233410,AGR
42,2017-03-09,3.05,3.05,2.99,2.99,129410,AGR
43,2017-03-10,3.01,3.16,3.01,3.05,308400,AGR
44,2017-03-13,3.01,3.03,2.99,3.02,117050,AGR
45,2017-03-14,3.11,3.11,3.0,3.03,58910,AGR
46,2017-03-15,3.03,3.04,2.94,2.95,235400,AGR
47,2017-03-16,3.03,3.13,2.95,3.13,464130,AGR
48,2017-03-17,3.23,3.31,3.15,3.2,559860,AGR
49,2017-03-20,3.22,3.36,3.21,3.32,975210,AGR
50,2017-03-21,3.41,3.41,3.34,3.36,540690,AGR
51,2017-03-22,3.34,3.59,3.34,3.59,1797150,AGR
52,2017-03-23,3.8,3.85,3.65,3.85,1795430,AGR
53,2017-03-24,4.08,4.11,3.89,4.11,2756960,AGR
54,2017-03-27,3.93,3.98,3.83,3.83,2255860,AGR
55,2017-03-28,3.69,3.92,3.69,3.72,927440,AGR
56,2017-03-29,3.64,3.8,3.47,3.47,1413660,AGR
57,2017-03-30,3.51,3.71,3.51,3.69,909170,AGR
58,2017-03-31,3.79,3.79,3.51,3.51,594150,AGR
59,2017-04-03,3.51,3.59,3.4,3.4,575440,AGR
60,2017-04-04,3.36,3.56,3.36,3.55,531330,AGR
61,2017-04-05,3.55,3.62,3.5,3.53,286250,AGR
62,2017-04-07,3.53,3.53,3.44,3.45,317350,AGR
63,2017-04-10,3.22,3.41,3.22,3.24,2128150,AGR
64,2017-04-11,3.28,3.4,3.28,3.36,1111310,AGR
65,2017-04-12,3.32,3.36,3.26,3.31,806930,AGR
66,2017-04-13,3.31,3.31,3.15,3.25,492140,AGR
67,2017-04-14,3.23,3.31,3.23,3.23,226880,AGR
68,2017-04-17,3.31,3.32,3.25,3.26,525700,AGR
69,2017-04-18,3.24,3.28,3.23,3.24,288060,AGR
70,2017-04-19,3.28,3.45,3.28,3.45,685580,AGR
71,2017-04-20,3.65,3.67,3.32,3.36,987000,AGR
72,2017-04-21,3.36,3.51,3.32,3.32,255930,AGR
73,2017-04-24,3.26,3.32,3.23,3.31,311150,AGR
74,2017-04-25,3.25,3.32,3.23,3.28,346000,AGR
75,2017-04-26,3.23,3.32,3.23,3.24,117650,AGR
76,2017-04-27,3.28,3.31,3.23,3.3,225390,AGR
77,2017-04-28,3.24,3.28,3.24,3.28,184200,AGR
78,2017-05-03,3.29,3.35,3.24,3.29,325340,AGR
79,2017-05-04,3.26,3.46,3.26,3.4,664880,AGR
80,2017-05-05,3.55,3.55,3.33,3.34,198370,AGR
81,2017-05-08,3.32,3.37,3.23,3.31,287750,AGR
82,2017-05-09,3.26,3.36,3.2,3.36,888940,AGR
83,2017-05-10,3.41,3.46,3.36,3.37,604740,AGR
84,2017-05-11,3.41,3.41,3.32,3.33,148950,AGR
85,2017-05-12,3.33,3.33,3.28,3.28,307690,AGR
86,2017-05-15,3.26,3.36,3.26,3.33,604470,AGR
87,2017-05-16,3.34,3.47,3.34,3.38,581520,AGR
88,2017-05-17,3.32,3.43,3.32,3.35,296650,AGR
89,2017-05-18,3.31,3.35,3.28,3.28,402300,AGR
90,2017-05-19,3.31,3.42,3.24,3.34,483110,AGR
91,2017-05-22,3.34,3.46,3.34,3.38,1114590,AGR
92,2017-05-23,3.38,3.4,3.31,3.32,217460,AGR
93,2017-05-24,3.28,3.32,3.24,3.31,411820,AGR
94,2017-05-25,3.32,3.33,3.28,3.31,424340,AGR
95,2017-05-26,3.32,3.32,3.26,3.31,207820,AGR
96,2017-05-29,3.31,3.35,3.29,3.29,219730,AGR
97,2017-05-30,3.29,3.29,3.23,3.25,567020,AGR
98,2017-05-31,3.25,3.27,3.23,3.23,189560,AGR
99,2017-06-01,3.23,3.28,3.23,3.27,27530,AGR
100,2017-06-02,3.24,3.3,3.23,3.27,169980,AGR
101,2017-06-05,3.27,3.27,3.21,3.22,373850,AGR
102,2017-06-06,3.22,3.24,3.18,3.2,300700,AGR
103,2017-06-07,3.23,3.23,3.18,3.18,288700,AGR
104,2017-06-08,3.17,3.31,3.13,3.29,460990,AGR
105,2017-06-09,3.28,3.28,3.19,3.21,101910,AGR
106,2017-06-12,3.23,3.23,3.18,3.18,116970,AGR
107,2017-06-13,3.21,3.21,3.13,3.19,136610,AGR
108,2017-06-14,3.21,3.4,3.19,3.4,1131840,AGR
109,2017-06-15,3.6,3.64,3.46,3.46,2629460,AGR
110,2017-06-16,3.46,3.59,3.46,3.49,486430,AGR
111,2017-06-19,3.49,3.6,3.41,3.45,788140,AGR
112,2017-06-20,3.45,3.5,3.39,3.41,782610,AGR
113,2017-06-21,3.4,3.46,3.35,3.36,422050,AGR
114,2017-06-22,3.36,3.59,3.32,3.59,1902550,AGR
115,2017-06-23,3.7,3.76,3.62,3.69,1300420,AGR
116,2017-06-26,3.69,3.8,3.68,3.7,987810,AGR
117,2017-06-27,3.7,3.7,3.55,3.57,832750,AGR
118,2017-06-28,3.57,3.6,3.48,3.6,437370,AGR
119,2017-06-29,3.75,3.77,3.7,3.71,1196020,AGR
120,2017-06-30,3.71,3.72,3.62,3.66,721120,AGR
121,2017-07-03,3.66,3.7,3.59,3.59,602570,AGR
122,2017-07-04,3.6,3.74,3.59,3.7,1213270,AGR
123,2017-07-05,3.78,3.95,3.73,3.95,3153400,AGR
124,2017-07-06,4.23,4.23,4.2,4.23,3271350,AGR
125,2017-07-07,4.27,4.27,3.95,3.95,1790370,AGR
126,2017-07-10,3.88,3.93,3.73,3.85,2028990,AGR
127,2017-07-11,3.8,3.91,3.7,3.85,1062520,AGR
128,2017-07-12,3.93,4.0,3.85,3.93,868870,AGR
129,2017-07-13,3.97,4.04,3.9,4.04,843890,AGR
130,2017-07-14,4.07,4.1,3.95,4.0,577000,AGR
131,2017-07-17,3.99,4.08,3.86,3.9,551020,AGR
132,2017-07-18,3.82,3.91,3.8,3.89,906310,AGR
133,2017-07-19,4.15,4.15,4.15,4.15,1275060,AGR
134,2017-07-20,4.44,4.44,4.27,4.44,3599870,AGR
135,2017-07-21,4.44,4.44,4.22,4.22,1174150,AGR
136,2017-07-24,4.22,4.22,4.1,4.13,779390,AGR
137,2017-07-25,4.12,4.28,4.09,4.2,967350,AGR
138,2017-07-26,4.27,4.27,4.14,4.2,922400,AGR
139,2017-07-27,4.24,4.27,4.17,4.22,832000,AGR
140,2017-07-28,4.27,4.48,4.22,4.37,1793480,AGR
141,2017-07-31,4.44,4.63,4.41,4.51,1433490,AGR
142,2017-08-01,4.73,4.83,4.7,4.83,3063400,AGR
143,2017-08-02,4.83,5.11,4.65,5.07,2639690,AGR
144,2017-08-03,5.08,5.42,5.08,5.18,3767640,AGR
145,2017-08-04,5.18,5.43,4.93,5.41,1909710,AGR
146,2017-08-07,5.7,5.77,5.55,5.77,2491850,AGR
147,2017-08-08,6.18,6.18,6.02,6.18,2055150,AGR
148,2017-08-09,6.59,6.6,5.93,6.34,5422770,AGR
149,2017-08-10,5.92,6.17,5.91,5.91,1939260,AGR
150,2017-08-11,5.7,5.7,5.5,5.5,1510070,AGR
151,2017-08-14,5.21,5.7,5.13,5.7,3172990,AGR
152,2017-08-15,5.88,6.09,5.79,5.98,1812600,AGR
153,2017-08-16,5.98,5.98,5.65,5.65,1202420,AGR
154,2017-08-17,5.51,5.59,5.25,5.41,2195960,AGR
155,2017-08-18,5.21,5.5,5.14,5.45,888660,AGR
156,2017-08-21,5.5,5.64,5.36,5.37,1274050,AGR
157,2017-08-22,5.22,5.25,5.1,5.14,1643410,AGR
158,2017-08-23,5.12,5.38,5.12,5.17,723510,AGR
159,2017-08-24,5.17,5.36,5.17,5.28,770670,AGR
160,2017-08-25,5.28,5.52,5.18,5.46,1374010,AGR
161,2017-08-28,5.55,5.55,5.34,5.41,592720,AGR
162,2017-08-29,5.41,5.41,5.27,5.27,672400,AGR
163,2017-08-30,5.31,5.35,5.21,5.21,545380,AGR
164,2017-08-31,5.17,5.31,5.17,5.29,676700,AGR
165,2017-09-01,5.39,5.41,5.3,5.33,326430,AGR
166,2017-09-05,5.34,5.53,5.32,5.45,1119560,AGR
167,2017-09-06,5.45,5.45,5.33,5.36,424850,AGR
168,2017-09-07,5.32,5.43,5.31,5.36,600040,AGR
169,2017-09-08,5.33,5.36,5.24,5.28,637960,AGR
170,2017-09-11,5.31,5.31,5.18,5.23,766480,AGR
171,2017-09-12,5.21,5.32,5.19,5.32,479950,AGR
172,2017-09-13,5.31,5.35,5.29,5.32,346310,AGR
173,2017-09-14,5.32,5.6,5.31,5.6,2026560,AGR
174,2017-09-15,5.6,5.62,5.45,5.58,653440,AGR
175,2017-09-18,5.62,5.88,5.62,5.83,1194540,AGR
176,2017-09-19,5.78,5.81,5.7,5.7,1141550,AGR
177,2017-09-20,5.77,5.84,5.72,5.75,517830,AGR
178,2017-09-21,5.8,5.8,5.7,5.72,463490,AGR
179,2017-09-22,5.72,5.75,5.72,5.72,823960,AGR
180,2017-09-25,5.72,5.72,5.49,5.5,1181020,AGR
181,2017-09-26,5.5,5.66,5.47,5.65,738400,AGR
182,2017-09-27,5.67,5.67,5.55,5.6,212260,AGR
183,2017-09-28,5.6,5.63,5.37,5.43,359530,AGR
184,2017-09-29,5.43,5.5,5.35,5.44,451240,AGR
185,2017-10-02,5.4,5.53,5.38,5.39,252340,AGR
186,2017-10-03,5.38,5.38,5.12,5.25,504840,AGR
187,2017-10-04,5.26,5.41,5.26,5.4,214140,AGR
188,2017-10-05,5.49,5.49,5.42,5.44,381320,AGR
189,2017-10-06,5.44,5.45,5.39,5.4,282970,AGR
190,2017-10-09,5.47,5.47,5.31,5.41,406940,AGR
191,2017-10-10,5.41,5.41,5.32,5.34,186330,AGR
192,2017-10-11,5.36,5.56,5.33,5.38,533410,AGR
193,2017-10-12,5.41,5.45,5.37,5.38,481350,AGR
194,2017-10-13,5.38,5.41,5.37,5.38,306270,AGR
195,2017-10-16,5.48,5.48,5.3,5.32,364220,AGR
196,2017-10-17,5.32,5.36,5.3,5.31,350730,AGR
197,2017-10-18,5.39,5.39,5.21,5.21,504360,AGR
198,2017-10-19,5.21,5.35,5.21,5.27,318310,AGR
199,2017-10-20,5.26,5.3,5.15,5.16,696180,AGR
200,2017-10-23,5.12,5.16,4.84,4.87,791920,AGR
201,2017-10-24,4.87,4.88,4.82,4.84,452150,AGR
202,2017-10-25,4.84,5.07,4.84,4.88,176980,AGR
203,2017-10-26,4.85,4.96,4.54,4.71,333850,AGR
204,2017-10-27,4.69,4.71,4.4,4.55,682850,AGR
205,2017-10-30,4.46,4.55,4.42,4.43,436700,AGR
206,2017-10-31,4.37,4.46,4.32,4.35,410980,AGR
207,2017-11-01,4.37,4.49,4.37,4.38,313000,AGR
208,2017-11-02,4.46,4.51,4.35,4.36,154920,AGR
209,2017-11-03,4.37,4.41,4.27,4.37,407670,AGR
210,2017-11-06,4.37,4.41,4.37,4.39,234200,AGR
211,2017-11-07,4.41,4.41,4.34,4.37,207430,AGR
212,2017-11-08,4.31,4.37,4.29,4.32,179120,AGR
213,2017-11-09,4.27,4.36,4.26,4.28,159480,AGR
214,2017-11-10,4.19,4.35,4.18,4.3,195340,AGR
215,2017-11-13,4.36,4.39,4.28,4.39,282200,AGR
216,2017-11-14,4.39,4.41,4.27,4.38,147250,AGR
217,2017-11-15,4.38,4.39,4.36,4.39,322180,AGR
218,2017-11-16,4.39,4.68,4.39,4.68,369440,AGR
219,2017-11-17,5.01,5.01,4.84,5.01,806660,AGR
220,2017-11-20,4.74,5.12,4.74,5.01,391080,AGR
221,2017-11-21,4.93,5.02,4.85,4.97,297060,AGR
222,2017-11-22,4.93,5.03,4.84,4.96,429080,AGR
223,2017-11-23,5.03,5.15,4.94,5.12,524010,AGR
224,2017-11-24,5.03,5.12,5.03,5.12,281860,AGR
225,2017-11-27,5.12,5.3,5.09,5.29,413700,AGR
226,2017-11-28,5.29,5.32,5.17,5.28,428100,AGR
227,2017-11-29,5.28,5.29,5.17,5.19,320420,AGR
228,2017-11-30,5.19,5.28,5.15,5.27,396460,AGR
229,2017-12-01,5.2,5.31,5.19,5.21,291800,AGR
230,2017-12-04,5.3,5.36,5.18,5.32,781490,AGR
231,2017-12-05,5.39,5.55,5.33,5.4,946370,AGR
232,2017-12-06,5.41,5.43,5.22,5.33,334400,AGR
233,2017-12-07,5.33,5.41,5.21,5.36,425180,AGR
234,2017-12-08,5.31,5.35,5.21,5.21,242940,AGR
235,2017-12-11,5.04,5.21,5.04,5.08,290960,AGR
236,2017-12-12,5.08,5.11,4.82,5.08,617120,AGR
237,2017-12-13,5.12,5.12,4.93,5.06,135950,AGR
238,2017-12-14,5.08,5.12,5.01,5.12,339320,AGR
239,2017-12-15,5.12,5.36,5.12,5.2,266690,AGR
240,2017-12-18,5.2,5.39,5.2,5.34,742290,AGR
241,2017-12-19,5.4,5.4,5.21,5.24,111400,AGR
242,2017-12-20,5.15,5.3,5.15,5.24,130380,AGR
243,2017-12-21,5.21,5.21,5.15,5.19,323670,AGR
244,2017-12-22,5.19,5.21,5.17,5.19,153670,AGR
245,2017-12-25,5.1,5.19,5.09,5.09,280110,AGR
246,2017-12-26,5.08,5.22,5.08,5.22,223670,AGR
247,2017-12-27,5.23,5.23,5.18,5.21,142140,AGR
248,2017-12-28,5.21,5.43,5.18,5.38,629690,AGR
249,2017-12-29,5.5,5.74,5.49,5.74,2107910,AGR
250,2018-01-02,5.74,5.98,5.74,5.84,915610,AGR
251,2018-01-03,5.88,5.94,5.55,5.68,875180,AGR
252,2018-01-04,5.6,5.83,5.59,5.69,1067860,AGR
253,2018-01-05,5.85,5.85,5.6,5.6,928480,AGR
254,2018-01-08,5.7,5.71,5.45,5.49,778410,AGR
255,2018-01-09,5.59,5.6,5.39,5.59,940580,AGR
256,2018-01-10,5.54,5.7,5.45,5.59,916910,AGR
257,2018-01-11,5.51,5.6,5.51,5.54,626140,AGR
258,2018-01-12,5.6,5.73,5.54,5.6,758930,AGR
259,2018-01-15,5.6,5.88,5.6,5.88,1196670,AGR
260,2018-01-16,5.78,5.92,5.63,5.81,1554290,AGR
261,2018-01-17,5.56,5.84,5.56,5.56,814160,AGR
262,2018-01-18,5.31,5.6,5.31,5.6,942760,AGR
263,2018-01-19,5.6,5.6,5.38,5.5,1029500,AGR
264,2018-01-22,5.5,5.65,5.47,5.62,766570,AGR
265,2018-01-25,5.62,5.72,5.57,5.72,1150830,AGR
266,2018-01-26,5.78,5.8,5.6,5.69,529480,AGR
267,2018-01-29,5.8,5.8,5.65,5.7,706430,AGR
268,2018-01-30,5.77,6.09,5.69,6.09,4904020,AGR
269,2018-01-31,6.5,6.5,5.98,5.98,980180,AGR
270,2018-02-01,5.96,5.97,5.68,5.7,604510,AGR
271,2018-02-02,5.62,5.78,5.59,5.64,886010,AGR
272,2018-02-05,5.5,5.72,5.5,5.55,1194100,AGR
273,2018-02-06,5.17,5.55,5.17,5.21,859500,AGR
274,2018-02-07,5.41,5.5,5.31,5.4,370120,AGR
275,2018-02-08,5.4,5.4,5.21,5.28,232430,AGR
276,2018-02-09,4.93,5.26,4.92,5.21,454910,AGR
277,2018-02-12,5.21,5.41,5.08,5.3,152460,AGR
278,2018-02-13,5.3,5.58,5.27,5.58,277850,AGR
279,2018-02-21,5.6,5.6,5.55,5.59,290040,AGR
280,2018-02-22,5.25,5.58,5.25,5.41,180100,AGR
281,2018-02-23,5.41,5.47,5.36,5.42,156040,AGR
282,2018-02-26,5.31,5.45,5.31,5.31,532650,AGR
283,2018-02-27,5.31,5.36,5.28,5.33,329600,AGR
284,2018-02-28,5.31,5.38,5.3,5.34,252760,AGR
285,2018-03-01,5.34,5.55,5.31,5.41,389070,AGR
286,2018-03-02,5.41,5.41,5.31,5.33,276100,AGR
287,2018-03-05,5.35,5.41,5.31,5.31,255630,AGR
288,2018-03-06,5.22,5.38,5.22,5.37,221400,AGR
289,2018-03-07,5.37,5.58,5.37,5.5,632240,AGR
290,2018-03-08,5.5,5.52,5.42,5.5,212000,AGR
291,2018-03-09,5.42,5.52,5.42,5.45,195130,AGR
292,2018-03-12,5.45,5.45,5.33,5.33,185230,AGR
293,2018-03-13,5.34,5.4,5.3,5.33,121650,AGR
294,2018-03-14,5.36,5.36,5.27,5.27,331810,AGR
295,2018-03-15,5.27,5.36,5.24,5.24,223430,AGR
296,2018-03-16,5.24,5.38,5.21,5.28,253910,AGR
297,2018-03-19,5.38,5.39,5.26,5.26,217310,AGR
298,2018-03-20,5.27,5.27,5.21,5.25,259480,AGR
299,2018-03-21,5.31,5.31,5.21,5.22,234520,AGR
300,2018-03-22,5.29,5.29,5.21,5.21,161240,AGR
301,2018-03-23,5.12,5.17,4.86,5.12,167300,AGR
302,2018-03-26,5.12,5.12,4.93,4.94,135970,AGR
303,2018-03-27,4.98,5.08,4.98,5.04,150740,AGR
304,2018-03-28,5.04,5.04,4.94,4.98,170670,AGR
305,2018-03-29,4.99,4.99,4.92,4.93,148260,AGR
306,2018-03-30,5.0,5.0,4.94,4.95,84060,AGR
307,2018-04-02,4.95,4.95,4.84,4.94,253700,AGR
308,2018-04-03,4.94,5.03,4.85,4.92,102900,AGR
309,2018-04-04,4.92,4.95,4.84,4.92,442020,AGR
310,2018-04-05,4.84,4.93,4.84,4.85,136550,AGR
311,2018-04-06,4.89,5.08,4.88,5.06,306250,AGR
312,2018-04-09,5.12,5.2,4.98,4.98,89860,AGR
313,2018-04-10,5.06,5.06,4.87,4.93,68060,AGR
314,2018-04-11,4.87,4.93,4.81,4.86,154290,AGR
315,2018-04-12,5.03,5.03,4.86,4.93,84360,AGR
316,2018-04-13,5.02,5.02,4.8,4.82,114540,AGR
317,2018-04-16,4.8,4.84,4.8,4.82,28240,AGR
318,2018-04-17,4.7,4.9,4.7,4.82,96300,AGR
319,2018-04-18,4.88,4.88,4.69,4.69,185060,AGR
320,2018-04-19,4.69,4.69,4.46,4.46,281010,AGR
321,2018-04-20,4.65,4.65,4.48,4.6,77130,AGR
322,2018-04-23,4.46,4.68,4.46,4.46,72480,AGR
323,2018-04-24,4.46,4.46,4.35,4.39,138260,AGR
324,2018-04-26,4.39,4.39,4.09,4.09,218590,AGR
325,2018-04-27,4.09,4.36,4.08,4.13,110530,AGR
326,2018-05-02,4.17,4.17,3.91,4.07,68240,AGR
327,2018-05-03,3.96,4.06,3.79,3.79,367620,AGR
328,2018-05-04,3.8,3.86,3.8,3.84,56990,AGR
329,2018-05-07,3.85,3.85,3.8,3.85,62360,AGR
330,2018-05-08,3.85,3.85,3.81,3.85,63670,AGR
331,2018-05-09,3.85,3.85,3.79,3.8,167510,AGR
332,2018-05-10,3.86,3.86,3.7,3.7,53160,AGR
333,2018-05-11,3.7,3.83,3.7,3.8,41070,AGR
334,2018-05-14,3.8,3.81,3.7,3.8,59890,AGR
335,2018-05-15,3.73,3.8,3.73,3.8,74020,AGR
336,2018-05-16,3.74,3.8,3.74,3.78,65600,AGR
337,2018-05-17,3.78,3.79,3.7,3.7,74220,AGR
338,2018-05-18,3.79,3.79,3.57,3.76,108770,AGR
339,2018-05-21,3.77,3.77,3.62,3.7,29420,AGR
340,2018-05-22,3.63,3.65,3.44,3.44,171000,AGR
341,2018-05-23,3.39,3.51,3.22,3.44,152490,AGR
342,2018-05-24,3.44,3.44,3.34,3.36,45340,AGR
343,2018-05-25,3.39,3.39,3.31,3.31,264600,AGR
344,2018-05-28,3.32,3.32,3.07,3.07,85650,AGR
345,2018-05-29,2.86,3.23,2.86,3.11,216310,AGR
346,2018-05-30,3.13,3.13,2.98,2.99,107560,AGR
347,2018-05-31,3.0,3.08,3.0,3.08,39210,AGR
348,2018-06-01,3.12,3.23,3.07,3.09,91820,AGR
349,2018-06-04,3.19,3.31,3.1,3.31,111120,AGR
350,2018-06-05,3.39,3.5,3.31,3.46,138370,AGR
351,2018-06-06,3.46,3.5,3.41,3.48,111550,AGR
352,2018-06-07,3.51,3.52,3.46,3.51,74600,AGR
353,2018-06-08,3.51,3.51,3.41,3.43,116170,AGR
354,2018-06-11,3.43,3.43,3.32,3.4,80790,AGR
355,2018-06-12,3.36,3.39,3.23,3.32,58010,AGR
356,2018-06-13,3.32,3.36,3.32,3.35,52080,AGR
357,2018-06-14,3.4,3.4,3.23,3.23,28230,AGR
358,2018-06-15,3.32,3.44,3.23,3.32,73990,AGR
359,2018-06-18,3.32,3.4,3.3,3.36,61040,AGR
360,2018-06-19,3.36,3.36,3.15,3.15,81720,AGR
361,2018-06-20,3.32,3.32,3.2,3.31,15260,AGR
362,2018-06-21,3.38,3.38,3.2,3.32,37600,AGR
363,2018-06-22,3.33,3.33,3.21,3.32,63120,AGR
364,2018-06-25,3.33,3.35,3.28,3.34,62980,AGR
365,2018-06-26,3.34,3.35,3.25,3.32,9870,AGR
366,2018-06-27,3.32,3.32,3.22,3.31,46080,AGR
367,2018-06-28,3.33,3.33,3.21,3.28,48470,AGR
368,2018-06-29,3.19,3.31,3.19,3.29,39790,AGR
369,2018-07-02,3.23,3.24,3.18,3.23,45020,AGR
370,2018-07-03,3.19,3.28,3.01,3.01,78480,AGR
371,2018-07-04,3.04,3.13,3.01,3.11,46280,AGR
372,2018-07-05,3.12,3.12,3.01,3.01,31250,AGR
373,2018-07-06,3.08,3.11,3.02,3.11,88930,AGR
374,2018-07-09,3.01,3.12,3.01,3.11,26060,AGR
375,2018-07-10,3.11,3.12,3.08,3.12,19180,AGR
376,2018-07-11,3.02,3.14,3.02,3.04,11180,AGR
377,2018-07-12,3.04,3.04,2.99,2.99,56760,AGR
378,2018-07-13,3.06,3.06,2.99,3.02,161110,AGR
379,2018-07-16,2.98,3.23,2.98,3.23,288790,AGR
380,2018-07-17,3.31,3.31,3.23,3.28,127150,AGR
381,2018-07-18,3.28,3.49,3.23,3.41,273330,AGR
382,2018-07-19,3.33,3.47,3.33,3.4,192080,AGR
383,2018-07-20,3.41,3.41,3.32,3.41,150820,AGR
384,2018-07-23,3.41,3.41,3.18,3.18,112060,AGR
385,2018-07-24,3.23,3.39,3.23,3.35,326810,AGR
386,2018-07-25,3.35,3.59,3.35,3.59,601570,AGR
387,2018-07-26,3.84,3.84,3.61,3.62,365640,AGR
388,2018-07-27,3.42,3.7,3.42,3.63,270660,AGR
389,2018-07-30,3.63,3.88,3.63,3.75,380730,AGR
390,2018-07-31,3.67,3.8,3.65,3.68,278150,AGR
391,2018-08-01,3.61,3.7,3.59,3.6,230210,AGR
392,2018-08-02,3.6,3.6,3.53,3.55,146100,AGR
393,2018-08-03,3.52,3.7,3.52,3.59,232970,AGR
394,2018-08-06,3.7,3.75,3.59,3.7,117610,AGR
395,2018-08-07,3.61,3.72,3.6,3.61,125910,AGR
396,2018-08-08,3.61,3.69,3.59,3.65,168000,AGR
397,2018-08-09,3.84,3.9,3.78,3.78,804260,AGR
398,2018-08-10,3.85,3.85,3.7,3.78,169570,AGR
399,2018-08-13,3.8,3.8,3.7,3.77,129220,AGR
400,2018-08-14,3.7,3.77,3.69,3.72,281780,AGR
401,2018-08-15,3.7,3.75,3.59,3.59,270650,AGR
402,2018-08-16,3.52,3.65,3.52,3.59,27820,AGR
403,2018-08-17,3.75,3.75,3.6,3.6,87300,AGR
404,2018-08-20,3.6,3.67,3.51,3.55,180050,AGR
405,2018-08-21,3.52,3.6,3.52,3.6,70160,AGR
406,2018-08-22,3.61,3.61,3.56,3.57,96610,AGR
407,2018-08-23,3.57,3.6,3.54,3.54,141690,AGR
408,2018-08-24,3.56,3.56,3.51,3.54,158670,AGR
409,2018-08-27,3.57,3.57,3.5,3.5,194740,AGR
410,2018-08-28,3.56,3.56,3.51,3.52,50350,AGR
411,2018-08-29,3.51,3.55,3.5,3.5,167150,AGR
412,2018-08-30,3.5,3.55,3.5,3.54,59350,AGR
413,2018-08-31,3.54,3.54,3.49,3.54,87520,AGR
414,2018-09-04,3.54,3.55,3.43,3.51,42870,AGR
415,2018-09-05,3.51,3.51,3.43,3.44,117520,AGR
416,2018-09-06,3.42,3.47,3.42,3.42,75720,AGR
417,2018-09-07,3.41,3.46,3.37,3.37,143510,AGR
418,2018-09-10,3.41,3.41,3.31,3.41,65910,AGR
419,2018-09-11,3.43,3.46,3.37,3.43,159140,AGR
420,2018-09-12,3.46,3.51,3.43,3.44,124360,AGR
421,2018-09-13,3.43,3.51,3.43,3.47,135560,AGR
422,2018-09-14,3.51,3.51,3.41,3.41,92210,AGR
423,2018-09-17,3.41,3.46,3.38,3.38,139300,AGR
424,2018-09-18,3.37,3.51,3.33,3.39,112180,AGR
425,2018-09-19,3.39,3.46,3.37,3.39,222300,AGR
426,2018-09-20,3.39,3.41,3.36,3.4,202240,AGR
427,2018-09-21,3.41,3.6,3.41,3.6,623040,AGR
428,2018-09-24,3.8,3.83,3.64,3.65,578550,AGR
429,2018-09-25,3.65,3.73,3.62,3.72,476260,AGR
430,2018-09-26,3.66,3.74,3.65,3.65,334430,AGR
431,2018-09-27,3.65,3.66,3.6,3.64,292760,AGR
432,2018-09-28,3.62,3.8,3.59,3.76,689990,AGR
433,2018-10-01,3.89,3.95,3.79,3.8,667180,AGR
434,2018-10-02,3.8,3.82,3.71,3.75,289390,AGR
435,2018-10-03,3.72,3.76,3.63,3.7,456250,AGR
436,2018-10-04,3.74,3.74,3.59,3.65,560800,AGR
437,2018-10-05,3.66,3.66,3.6,3.6,311700,AGR
438,2018-10-08,3.63,3.65,3.53,3.57,233510,AGR
439,2018-10-09,3.51,3.6,3.51,3.52,139530,AGR
440,2018-10-10,3.52,3.54,3.46,3.51,273960,AGR
441,2018-10-11,3.41,3.41,3.28,3.28,498640,AGR
442,2018-10-12,3.23,3.35,3.23,3.32,245660,AGR
443,2018-10-15,3.44,3.44,3.3,3.35,177640,AGR
444,2018-10-16,3.32,3.5,3.32,3.44,155770,AGR
445,2018-10-17,3.5,3.51,3.44,3.46,132090,AGR
446,2018-10-18,3.46,3.46,3.34,3.4,114700,AGR
447,2018-10-19,3.32,3.36,3.32,3.36,148810,AGR
448,2018-10-22,3.32,3.39,3.32,3.36,104960,AGR
449,2018-10-23,3.36,3.36,3.24,3.27,106920,AGR
450,2018-10-24,3.26,3.32,3.16,3.22,77180,AGR
451,2018-10-25,3.22,3.22,3.04,3.12,164080,AGR
452,2018-10-26,3.13,3.23,3.11,3.11,100730,AGR
453,2018-10-29,3.13,3.14,3.09,3.11,53050,AGR
454,2018-10-30,3.12,3.22,3.08,3.1,74200,AGR
455,2018-10-31,3.13,3.17,3.11,3.16,62860,AGR
456,2018-11-01,3.18,3.18,3.13,3.13,53320,AGR
457,2018-11-02,3.21,3.21,3.12,3.2,160840,AGR
458,2018-11-05,3.2,3.2,3.12,3.13,59420,AGR
459,2018-11-06,3.13,3.2,3.13,3.17,81000,AGR
460,2018-11-07,3.18,3.19,3.17,3.17,70170,AGR
461,2018-11-08,3.23,3.23,3.15,3.16,41480,AGR
462,2018-11-09,3.16,3.17,3.13,3.17,48200,AGR
463,2018-11-12,3.13,3.16,3.13,3.16,57040,AGR
464,2018-11-13,2.96,3.15,2.96,3.13,82530,AGR
465,2018-11-14,3.13,3.14,3.06,3.12,103140,AGR
466,2018-11-15,3.09,3.12,3.06,3.06,92370,AGR
467,2018-11-16,3.06,3.13,3.06,3.09,67730,AGR
468,2018-11-19,3.15,3.15,3.07,3.09,80750,AGR
469,2018-11-20,3.08,3.1,3.07,3.09,33050,AGR
470,2018-11-21,3.09,3.11,3.05,3.11,86530,AGR
471,2018-11-22,3.13,3.13,3.08,3.08,81300,AGR
472,2018-11-23,3.13,3.23,3.11,3.11,31620,AGR
473,2018-11-26,3.13,3.13,3.08,3.13,19100,AGR
474,2018-11-27,3.13,3.16,3.12,3.13,98640,AGR
475,2018-11-28,3.13,3.15,3.09,3.15,40010,AGR
476,2018-11-29,3.15,3.17,3.13,3.16,72410,AGR
477,2018-11-30,3.16,3.17,3.12,3.17,64310,AGR
478,2018-12-03,3.21,3.27,3.17,3.23,144060,AGR
479,2018-12-04,3.23,3.31,3.23,3.23,89390,AGR
480,2018-12-05,3.23,3.27,3.21,3.25,108190,AGR
481,2018-12-06,3.26,3.26,3.21,3.22,115320,AGR
482,2018-12-07,3.23,3.28,3.23,3.27,87600,AGR
483,2018-12-10,3.27,3.27,3.23,3.26,22190,AGR
484,2018-12-11,3.23,3.24,3.2,3.24,39060,AGR
485,2018-12-12,3.22,3.24,3.21,3.24,13680,AGR
486,2018-12-13,3.23,3.23,3.13,3.22,227000,AGR
487,2018-12-14,3.23,3.23,3.18,3.18,36780,AGR
488,2018-12-17,3.19,3.22,3.14,3.18,43490,AGR
489,2018-12-18,3.18,3.18,3.11,3.11,69480,AGR
490,2018-12-19,3.11,3.17,3.1,3.11,43760,AGR
491,2018-12-20,3.18,3.18,3.12,3.16,78960,AGR
492,2018-12-21,3.13,3.15,3.11,3.13,130850,AGR
493,2018-12-24,3.13,3.13,3.06,3.06,59070,AGR
494,2018-12-25,3.04,3.06,2.96,2.96,144080,AGR
495,2018-12-26,3.07,3.16,2.95,3.15,159300,AGR
496,2018-12-27,3.15,3.28,3.15,3.26,124350,AGR
497,2018-12-28,3.26,3.27,3.08,3.25,73890,AGR
498,2019-01-02,3.16,3.25,3.13,3.21,43490,AGR
499,2019-01-03,3.23,3.23,3.13,3.18,80800,AGR
500,2019-01-04,3.17,3.19,3.1,3.13,155710,AGR
501,2019-01-07,3.13,3.24,3.13,3.23,27770,AGR
502,2019-01-08,3.23,3.23,3.19,3.23,101230,AGR
503,2019-01-09,3.23,3.24,3.14,3.18,45410,AGR
504,2019-01-10,3.21,3.32,3.21,3.25,181350,AGR
505,2019-01-11,3.25,3.27,3.21,3.24,117090,AGR
506,2019-01-14,3.23,3.28,3.21,3.26,45210,AGR
507,2019-01-15,3.26,3.36,3.19,3.3,134400,AGR
508,2019-01-16,3.3,3.32,3.28,3.32,83650,AGR
509,2019-01-17,3.28,3.33,3.28,3.28,19300,AGR
510,2019-01-18,3.23,3.32,3.21,3.21,30980,AGR
511,2019-01-21,3.19,3.29,3.19,3.27,42800,AGR
512,2019-01-22,3.28,3.28,3.23,3.23,21080,AGR
513,2019-01-23,3.25,3.25,3.21,3.22,14250,AGR
514,2019-01-24,3.28,3.28,3.18,3.18,18790,AGR
515,2019-01-25,3.16,3.24,3.13,3.22,83760,AGR
516,2019-01-28,3.23,3.27,3.15,3.27,140790,AGR
517,2019-01-29,3.27,3.32,3.17,3.28,42640,AGR
518,2019-01-30,3.29,3.29,3.23,3.23,75350,AGR
519,2019-01-31,3.31,3.32,3.22,3.28,53910,AGR
520,2019-02-01,3.32,3.32,3.27,3.3,31020,AGR
521,2019-02-11,3.31,3.32,3.23,3.32,63980,AGR
522,2019-02-12,3.34,3.38,3.32,3.32,216400,AGR
523,2019-02-13,3.36,3.36,3.3,3.32,91550,AGR
524,2019-02-14,3.32,3.34,3.31,3.32,54270,AGR
525,2019-02-15,3.32,3.33,3.31,3.32,47570,AGR
526,2019-02-18,3.34,3.34,3.31,3.32,38470,AGR
527,2019-02-19,3.33,3.33,3.31,3.32,20740,AGR
528,2019-02-20,3.32,3.33,3.29,3.32,85940,AGR
529,2019-02-21,3.32,3.32,3.28,3.32,19780,AGR
530,2019-02-22,3.32,3.32,3.25,3.31,30270,AGR
531,2019-02-25,3.31,3.31,3.28,3.28,59310,AGR
532,2019-02-26,3.32,3.32,3.28,3.31,65240,AGR
533,2019-02-27,3.31,3.32,3.28,3.32,76440,AGR
534,2019-02-28,3.32,3.32,3.28,3.28,73720,AGR
535,2019-03-01,3.33,3.33,3.24,3.32,35190,AGR
536,2019-03-04,3.32,3.32,3.29,3.31,37600,AGR
537,2019-03-05,3.31,3.4,3.28,3.34,279340,AGR
538,2019-03-06,3.36,3.38,3.32,3.37,80240,AGR
539,2019-03-07,3.37,3.46,3.34,3.45,209330,AGR
540,2019-03-08,3.45,3.45,3.37,3.39,46360,AGR
541,2019-03-11,3.39,3.41,3.36,3.38,94700,AGR
542,2019-03-12,3.38,3.38,3.23,3.38,80590,AGR
543,2019-03-13,3.38,3.39,3.36,3.39,52980,AGR
544,2019-03-14,3.32,3.41,3.32,3.36,97310,AGR
545,2019-03-15,3.4,3.4,3.34,3.36,139030,AGR
546,2019-03-18,3.34,3.59,3.34,3.59,713670,AGR
547,2019-03-19,3.85,3.85,3.8,3.85,1115200,AGR
548,2019-03-20,3.98,4.01,3.86,4.0,980370,AGR
549,2019-03-21,3.93,3.97,3.76,3.76,533570,AGR
550,2019-03-22,3.72,3.8,3.6,3.79,317800,AGR
551,2019-03-25,3.71,4.03,3.53,3.98,679440,AGR
552,2019-03-26,3.99,4.06,3.89,3.94,216940,AGR
553,2019-03-27,3.94,3.97,3.89,3.89,132330,AGR
554,2019-03-28,3.89,3.9,3.8,3.87,168160,AGR
555,2019-03-29,3.82,3.98,3.8,3.89,239660,AGR
556,2019-04-01,3.89,3.92,3.82,3.82,66610,AGR
557,2019-04-02,3.82,3.89,3.7,3.8,226870,AGR
558,2019-04-03,3.7,3.8,3.56,3.7,198950,AGR
559,2019-04-04,3.7,3.85,3.68,3.75,136680,AGR
560,2019-04-05,3.65,3.75,3.65,3.74,78300,AGR
561,2019-04-08,3.71,3.76,3.69,3.75,110050,AGR
562,2019-04-09,3.75,3.77,3.7,3.75,63880,AGR
563,2019-04-10,3.67,3.75,3.66,3.74,85960,AGR
564,2019-04-11,3.7,3.86,3.7,3.74,219640,AGR
565,2019-04-12,3.8,3.99,3.8,3.99,933150,AGR
566,2019-04-16,4.02,4.02,3.85,3.89,261230,AGR
567,2019-04-17,3.89,3.99,3.89,3.9,212720,AGR
568,2019-04-18,3.9,3.9,3.78,3.81,167530,AGR
569,2019-04-19,3.88,3.88,3.8,3.87,206280,AGR
570,2019-04-22,3.87,3.87,3.78,3.78,79630,AGR
571,2019-04-23,3.74,3.89,3.74,3.78,84920,AGR
572,2019-04-24,3.84,3.84,3.75,3.76,151550,AGR
573,2019-04-25,3.7,3.84,3.7,3.74,55330,AGR
574,2019-04-26,3.7,3.78,3.7,3.7,114470,AGR
575,2019-05-02,3.7,3.7,3.54,3.6,238910,AGR
576,2019-05-03,3.6,3.6,3.53,3.59,83330,AGR
577,2019-05-06,3.59,3.59,3.49,3.5,182460,AGR
578,2019-05-07,3.53,3.54,3.42,3.42,163410,AGR
579,2019-05-08,3.42,3.51,3.42,3.48,143310,AGR
580,2019-05-09,3.59,3.59,3.37,3.37,127230,AGR
581,2019-05-10,3.37,3.5,3.33,3.5,86360,AGR
582,2019-05-13,3.51,3.51,3.43,3.47,70590,AGR
583,2019-05-14,3.47,3.51,3.39,3.51,139010,AGR
584,2019-05-15,3.51,3.51,3.44,3.51,106740,AGR
585,2019-05-16,3.51,3.51,3.48,3.48,40370,AGR
586,2019-05-17,3.48,3.48,3.42,3.44,68390,AGR
587,2019-05-20,3.44,3.65,3.44,3.59,170430,AGR
588,2019-05-21,3.59,3.6,3.48,3.52,92530,AGR
589,2019-05-22,3.52,3.59,3.46,3.52,47400,AGR
590,2019-05-23,3.49,3.54,3.49,3.54,110150,AGR
591,2019-05-24,3.46,3.52,3.46,3.49,105770,AGR
592,2019-05-27,3.51,3.54,3.42,3.46,43370,AGR
593,2019-05-28,3.48,3.51,3.45,3.45,35750,AGR
594,2019-05-29,3.51,3.51,3.43,3.43,93050,AGR
595,2019-05-30,3.44,3.44,3.4,3.4,67620,AGR
596,2019-05-31,3.41,3.44,3.4,3.4,32660,AGR
597,2019-06-03,3.41,3.41,3.36,3.38,43420,AGR
598,2019-06-04,3.36,3.41,3.35,3.35,113300,AGR
599,2019-06-05,3.34,3.44,3.34,3.4,59090,AGR
600,2019-06-06,3.35,3.41,3.35,3.4,35840,AGR
601,2019-06-07,3.4,3.42,3.4,3.42,24250,AGR
602,2019-06-10,3.42,3.44,3.41,3.41,44590,AGR
603,2019-06-11,3.41,3.45,3.39,3.45,51370,AGR
604,2019-06-12,3.45,3.69,3.45,3.69,313980,AGR
605,2019-06-13,3.75,3.75,3.57,3.59,103200,AGR
606,2019-06-14,3.6,3.74,3.6,3.62,168790,AGR
607,2019-06-17,3.62,3.64,3.58,3.62,100140,AGR
608,2019-06-18,3.65,3.75,3.57,3.68,195710,AGR
609,2019-06-19,3.7,3.73,3.62,3.7,171130,AGR
610,2019-06-20,3.71,3.78,3.66,3.74,94380,AGR
611,2019-06-21,3.74,3.76,3.7,3.76,245420,AGR
612,2019-06-24,3.75,3.75,3.6,3.6,153240,AGR
613,2019-06-25,3.69,3.69,3.59,3.59,65360,AGR
614,2019-06-26,3.59,3.68,3.59,3.65,26530,AGR
615,2019-06-27,3.69,3.69,3.61,3.68,92310,AGR
616,2019-06-28,3.68,3.69,3.6,3.69,55580,AGR
617,2019-07-01,3.69,3.82,3.69,3.8,221580,AGR
618,2019-07-02,3.8,3.89,3.8,3.84,231260,AGR
619,2019-07-03,3.84,3.84,3.8,3.8,149240,AGR
620,2019-07-04,3.85,3.98,3.77,3.89,848500,AGR
621,2019-07-05,3.89,3.94,3.88,3.9,146640,AGR
622,2019-07-08,3.9,3.95,3.89,3.9,190270,AGR
623,2019-07-09,3.9,3.98,3.9,3.92,431850,AGR
624,2019-07-10,3.92,3.95,3.87,3.88,593510,AGR
625,2019-07-11,3.88,3.91,3.8,3.91,297050,AGR
626,2019-07-12,3.92,4.16,3.92,4.06,702710,AGR
627,2019-07-15,4.09,4.26,4.05,4.08,469200,AGR
628,2019-07-16,4.08,4.16,3.93,3.98,241710,AGR
629,2019-07-17,3.91,3.98,3.89,3.91,342910,AGR
630,2019-07-18,3.95,3.95,3.8,3.87,287910,AGR
631,2019-07-19,3.8,3.95,3.8,3.93,186460,AGR
632,2019-07-22,3.93,3.96,3.91,3.94,123180,AGR
633,2019-07-23,3.97,4.1,3.93,4.05,407740,AGR
634,2019-07-24,4.07,4.13,4.01,4.09,437960,AGR
635,2019-07-25,4.0,4.17,4.0,4.13,616910,AGR
636,2019-07-26,4.12,4.12,4.03,4.11,166190,AGR
637,2019-07-29,4.16,4.16,3.98,4.03,122130,AGR
638,2019-07-30,4.03,4.03,3.89,3.94,158470,AGR
639,2019-07-31,3.98,4.01,3.81,4.01,378380,AGR
640,2019-08-01,3.98,4.05,3.89,4.03,174650,AGR
641,2019-08-02,3.98,4.03,3.91,3.92,289820,AGR
642,2019-08-05,3.9,3.97,3.9,3.97,87750,AGR
643,2019-08-06,3.97,3.97,3.81,3.89,340930,AGR
644,2019-08-07,3.93,4.12,3.92,3.98,561440,AGR
645,2019-08-08,3.98,3.98,3.96,3.97,110700,AGR
646,2019-08-09,3.96,3.97,3.93,3.97,138830,AGR
647,2019-08-12,3.98,3.98,3.93,3.94,28430,AGR
648,2019-08-13,3.94,3.96,3.9,3.93,62600,AGR
649,2019-08-14,3.94,4.14,3.94,4.1,777790,AGR
650,2019-08-15,4.12,4.12,4.03,4.08,131930,AGR
651,2019-08-16,4.08,4.22,4.04,4.17,289170,AGR
652,2019-08-19,4.17,4.46,4.14,4.46,898980,AGR
653,2019-08-20,4.46,4.74,4.46,4.63,1328110,AGR
654,2019-08-21,4.69,4.69,4.55,4.63,552840,AGR
655,2019-08-22,4.52,4.74,4.52,4.58,963430,AGR
656,2019-08-23,4.58,4.65,4.51,4.55,435300,AGR
657,2019-08-26,4.55,4.84,4.48,4.74,1201060,AGR
658,2019-08-27,4.74,4.93,4.74,4.89,945410,AGR
659,2019-08-28,4.92,5.12,4.85,4.92,2298690,AGR
660,2019-08-29,4.92,4.92,4.7,4.7,566270,AGR
661,2019-08-30,4.7,4.79,4.7,4.74,816180,AGR
662,2019-09-03,4.74,4.74,4.53,4.54,689560,AGR
663,2019-09-04,4.51,4.68,4.4,4.67,371740,AGR
664,2019-09-05,4.77,4.77,4.64,4.65,237130,AGR
665,2019-09-06,4.68,4.7,4.55,4.65,199800,AGR
666,2019-09-09,4.69,4.69,4.56,4.65,268770,AGR
667,2019-09-10,4.65,4.68,4.6,4.65,401970,AGR
668,2019-09-11,4.65,4.65,4.53,4.53,381900,AGR
669,2019-09-12,4.53,4.6,4.53,4.53,132880,AGR
670,2019-09-13,4.55,4.6,4.46,4.58,365510,AGR
671,2019-09-16,4.49,4.55,4.42,4.45,291820,AGR
672,2019-09-17,4.45,4.48,4.37,4.37,321580,AGR
673,2019-09-18,4.37,4.37,4.27,4.3,307080,AGR
674,2019-09-19,4.3,4.36,4.24,4.36,249800,AGR
675,2019-09-20,4.37,4.4,4.25,4.26,559120,AGR
676,2019-09-23,4.12,4.21,4.06,4.06,358980,AGR
677,2019-09-24,4.06,4.17,4.03,4.03,434610,AGR
678,2019-09-25,4.0,4.07,3.99,3.99,198570,AGR
679,2019-09-26,3.99,4.19,3.99,4.19,277820,AGR
680,2019-09-27,4.12,4.24,4.12,4.2,260610,AGR
681,2019-09-30,4.24,4.32,4.17,4.32,150930,AGR
682,2019-10-01,4.32,4.33,4.18,4.27,132900,AGR
683,2019-10-02,4.39,4.39,4.19,4.2,56570,AGR
684,2019-10-03,4.17,4.17,4.12,4.16,117710,AGR
685,2019-10-04,4.17,4.27,4.15,4.15,99190,AGR
686,2019-10-07,4.27,4.27,4.15,4.16,98660,AGR
687,2019-10-08,4.16,4.19,4.12,4.12,75680,AGR
688,2019-10-09,4.12,4.17,4.09,4.12,42140,AGR
689,2019-10-10,4.08,4.12,4.08,4.11,88950,AGR
690,2019-10-11,4.07,4.11,4.03,4.07,115630,AGR
691,2019-10-14,4.08,4.12,4.05,4.05,117830,AGR
692,2019-10-15,4.05,4.12,4.04,4.05,86230,AGR
693,2019-10-16,4.12,4.12,4.04,4.06,115050,AGR
694,2019-10-17,3.85,4.06,3.85,4.03,130170,AGR
695,2019-10-18,4.09,4.09,4.01,4.07,77460,AGR
696,2019-10-21,4.07,4.07,3.99,3.99,62140,AGR
697,2019-10-22,3.99,4.03,3.97,4.01,100820,AGR
698,2019-10-23,4.01,4.01,3.98,4.01,393480,AGR
699,2019-10-24,4.05,4.06,3.98,4.01,40420,AGR
700,2019-10-25,4.01,4.12,4.01,4.12,395870,AGR
701,2019-10-28,4.12,4.12,4.04,4.08,56350,AGR
702,2019-10-29,4.08,4.08,4.01,4.01,70220,AGR
703,2019-10-30,4.06,4.06,3.98,4.0,125430,AGR
704,2019-10-31,4.0,4.02,3.99,3.99,64300,AGR
705,2019-11-01,3.99,4.03,3.98,3.99,65850,AGR
706,2019-11-04,3.99,4.01,3.98,4.0,280680,AGR
707,2019-11-05,4.0,4.0,3.98,3.98,47810,AGR
708,2019-11-06,3.98,3.98,3.96,3.98,72560,AGR
709,2019-11-07,3.98,3.98,3.91,3.91,53820,AGR
710,2019-11-08,3.98,3.98,3.91,3.91,53740,AGR
711,2019-11-11,3.92,3.94,3.91,3.93,43220,AGR
712,2019-11-12,3.86,3.94,3.86,3.94,36700,AGR
713,2019-11-13,3.96,3.96,3.9,3.9,67520,AGR
714,2019-11-14,3.89,3.92,3.89,3.91,29250,AGR
715,2019-11-15,3.91,3.91,3.87,3.87,119230,AGR
716,2019-11-18,3.87,3.93,3.86,3.88,22740,AGR
717,2019-11-19,3.88,3.89,3.86,3.89,31460,AGR
718,2019-11-20,3.89,3.91,3.87,3.91,45100,AGR
719,2019-11-21,3.91,3.91,3.88,3.89,8370,AGR
720,2019-11-22,3.86,3.91,3.7,3.8,221500,AGR
721,2019-11-25,3.8,3.8,3.7,3.7,231190,AGR
722,2019-11-26,3.67,3.91,3.65,3.79,245260,AGR
723,2019-11-27,3.75,3.75,3.64,3.64,293060,AGR
724,2019-11-28,3.64,3.64,3.55,3.59,236830,AGR
725,2019-11-29,3.59,3.67,3.57,3.57,111170,AGR
726,2019-12-02,3.57,3.6,3.51,3.51,131240,AGR
727,2019-12-03,3.46,3.51,3.33,3.45,236420,AGR
728,2019-12-04,3.41,3.44,3.35,3.36,209410,AGR
729,2019-12-05,3.41,3.41,3.32,3.39,128330,AGR
730,2019-12-06,3.39,3.39,3.35,3.38,76650,AGR
731,2019-12-09,3.38,3.39,3.37,3.39,83060,AGR
732,2019-12-10,3.39,3.41,3.28,3.32,127520,AGR
733,2019-12-11,3.32,3.32,3.29,3.31,64690,AGR
734,2019-12-12,3.31,3.31,3.19,3.25,357900,AGR
735,2019-12-13,3.25,3.26,3.19,3.23,190710,AGR
736,2019-12-16,3.23,3.24,3.2,3.21,103870,AGR
737,2019-12-17,3.21,3.41,3.21,3.23,558540,AGR
738,2019-12-18,3.35,3.35,3.23,3.23,147470,AGR
739,2019-12-19,3.23,3.31,3.23,3.3,43210,AGR
740,2019-12-20,3.29,3.29,3.23,3.26,206910,AGR
741,2019-12-23,3.31,3.31,3.21,3.23,75780,AGR
742,2019-12-24,3.23,3.26,3.23,3.24,24620,AGR
743,2019-12-25,3.28,3.28,3.24,3.26,62730,AGR
744,2019-12-26,3.26,3.28,3.23,3.25,62100,AGR
745,2019-12-27,3.25,3.26,3.23,3.24,83020,AGR
746,2019-12-30,3.27,3.27,3.17,3.19,138880,AGR
747,2019-12-31,3.26,3.4,3.16,3.4,96470,AGR
748,2020-01-02,3.32,3.36,3.23,3.32,127610,AGR
749,2020-01-03,3.32,3.42,3.32,3.39,98870,AGR
750,2020-01-06,3.39,3.39,3.29,3.31,133300,AGR
751,2020-01-07,3.27,3.31,3.25,3.3,49980,AGR
752,2020-01-08,3.29,3.31,3.24,3.25,93690,AGR
753,2020-01-09,3.27,3.28,3.23,3.27,27730,AGR
754,2020-01-10,3.31,3.31,3.26,3.28,27690,AGR
755,2020-01-13,3.32,3.32,3.08,3.08,93050,AGR
756,2020-01-14,3.08,3.22,3.08,3.22,130220,AGR
757,2020-01-15,3.27,3.27,3.18,3.23,13430,AGR
758,2020-01-16,3.24,3.24,3.19,3.24,34480,AGR
759,2020-01-17,3.24,3.27,3.23,3.24,17700,AGR
760,2020-01-20,3.25,3.25,3.22,3.24,23200,AGR
761,2020-01-21,3.26,3.26,3.18,3.23,99690,AGR
762,2020-01-22,3.23,3.41,3.19,3.41,128620,AGR
763,2020-01-30,3.22,3.39,3.21,3.24,43940,AGR
764,2020-01-31,3.24,3.24,3.18,3.23,119510,AGR
765,2020-02-03,3.23,3.23,3.01,3.13,180900,AGR
766,2020-02-04,3.13,3.18,3.11,3.18,54730,AGR
767,2020-02-05,3.2,3.21,3.18,3.2,72550,AGR
768,2020-02-06,3.23,3.23,3.15,3.2,88290,AGR
769,2020-02-07,3.2,3.23,3.13,3.23,111320,AGR
770,2020-02-10,3.02,3.21,3.02,3.18,110350,AGR
771,2020-02-11,3.11,3.18,3.11,3.14,20220,AGR
772,2020-02-12,3.14,3.16,3.11,3.14,78400,AGR
773,2020-02-13,3.13,3.14,3.1,3.13,55060,AGR
774,2020-02-14,3.13,3.13,3.09,3.12,42750,AGR
775,2020-02-17,3.21,3.21,3.11,3.17,90630,AGR
776,2020-02-18,3.18,3.18,3.11,3.13,95520,AGR
777,2020-02-19,3.17,3.17,3.11,3.14,94450,AGR
778,2020-02-20,3.17,3.32,3.13,3.31,420550,AGR
779,2020-02-21,3.18,3.31,3.18,3.24,113790,AGR
780,2020-02-24,3.18,3.18,3.13,3.14,130310,AGR
781,2020-02-25,3.11,3.15,3.08,3.15,136220,AGR
782,2020-02-26,3.15,3.15,3.13,3.13,49440,AGR
783,2020-02-27,3.13,3.19,3.1,3.14,52310,AGR
784,2020-02-28,3.13,3.13,3.06,3.08,96170,AGR
785,2020-03-02,3.04,3.17,3.04,3.13,81530,AGR
786,2020-03-03,3.19,3.19,3.09,3.16,72990,AGR
787,2020-03-04,3.16,3.23,3.13,3.23,95520,AGR
788,2020-03-05,3.23,3.27,3.21,3.21,189580,AGR
789,2020-03-06,3.21,3.21,3.14,3.2,68820,AGR
790,2020-03-09,3.1,3.1,2.98,2.98,288970,AGR
791,2020-03-10,2.84,3.04,2.84,3.01,120070,AGR
792,2020-03-11,3.04,3.04,2.8,2.91,266070,AGR
793,2020-03-12,2.84,2.84,2.71,2.71,259400,AGR
794,2020-03-13,2.64,2.75,2.53,2.72,241330,AGR
795,2020-03-16,2.8,2.8,2.71,2.71,121580,AGR
796,2020-03-17,2.66,2.71,2.6,2.71,85730,AGR
797,2020-03-18,2.7,2.79,2.66,2.79,194030,AGR
798,2020-03-19,2.79,2.79,2.66,2.73,181470,AGR
799,2020-03-20,2.73,2.73,2.66,2.69,64020,AGR
800,2020-03-23,2.64,2.64,2.51,2.51,193360,AGR
801,2020-03-24,2.44,2.53,2.44,2.47,65920,AGR
802,2020-03-25,2.52,2.57,2.47,2.56,100330,AGR
803,2020-03-26,2.56,2.56,2.39,2.39,175860,AGR
804,2020-03-27,2.39,2.47,2.23,2.38,96840,AGR
805,2020-03-30,2.38,2.38,2.22,2.22,272280,AGR
806,2020-03-31,2.22,2.35,2.07,2.09,322690,AGR
807,2020-04-01,2.13,2.22,2.12,2.22,91730,AGR
808,2020-04-03,2.2,2.32,2.2,2.28,125090,AGR
809,2020-04-06,2.35,2.44,2.3,2.44,229250,AGR
810,2020-04-07,2.55,2.55,2.32,2.43,118140,AGR
811,2020-04-08,2.39,2.39,2.34,2.37,110260,AGR
812,2020-04-09,2.32,2.44,2.32,2.42,149150,AGR
813,2020-04-10,2.37,2.49,2.35,2.47,218760,AGR
814,2020-04-13,2.53,2.64,2.53,2.64,339850,AGR
815,2020-04-14,2.8,2.8,2.61,2.73,377300,AGR
816,2020-04-15,2.75,2.77,2.72,2.73,232210,AGR
817,2020-04-16,2.56,2.72,2.56,2.66,155650,AGR
818,2020-04-17,2.71,2.75,2.66,2.74,222600,AGR
819,2020-04-20,2.79,2.8,2.71,2.75,333800,AGR
820,2020-04-21,2.61,2.69,2.61,2.65,267200,AGR
821,2020-04-22,2.56,2.7,2.54,2.7,97410,AGR
822,2020-04-23,2.7,2.75,2.67,2.68,59610,AGR
823,2020-04-24,2.62,2.73,2.62,2.72,130840,AGR
824,2020-04-27,2.72,2.74,2.69,2.69,60010,AGR
825,2020-04-28,2.66,2.71,2.66,2.69,62150,AGR
826,2020-04-29,2.66,2.71,2.64,2.66,67020,AGR
827,2020-05-04,2.66,2.66,2.61,2.63,66900,AGR
828,2020-05-05,2.63,2.68,2.61,2.66,53060,AGR
829,2020-05-06,2.66,2.73,2.62,2.73,101530,AGR
830,2020-05-07,2.73,2.75,2.71,2.74,92130,AGR
831,2020-05-08,2.75,2.9,2.75,2.85,318130,AGR
832,2020-05-11,2.99,3.02,2.86,2.99,264170,AGR
833,2020-05-12,3.01,3.17,2.94,3.06,300480,AGR
834,2020-05-13,3.06,3.16,3.06,3.13,206790,AGR
835,2020-05-14,3.13,3.34,3.13,3.32,469940,AGR
836,2020-05-15,3.45,3.45,3.1,3.1,380710,AGR
837,2020-05-18,3.13,3.28,3.1,3.28,171350,AGR
838,2020-05-19,3.32,3.32,3.18,3.26,215350,AGR
839,2020-05-20,3.14,3.23,3.14,3.19,121520,AGR
840,2020-05-21,3.19,3.21,3.13,3.14,133700,AGR
841,2020-05-22,3.14,3.23,3.12,3.14,231600,AGR
842,2020-05-25,3.14,3.18,3.13,3.13,140740,AGR
843,2020-05-26,3.13,3.23,3.13,3.21,252470,AGR
844,2020-05-27,3.23,3.23,3.16,3.16,58240,AGR
845,2020-05-28,3.13,3.16,3.11,3.13,123320,AGR
846,2020-05-29,3.06,3.23,3.04,3.23,338850,AGR
847,2020-06-01,3.23,3.38,3.23,3.36,497250,AGR
848,2020-06-02,3.36,3.37,3.28,3.29,145190,AGR
849,2020-06-03,3.31,3.31,3.15,3.31,252940,AGR
850,2020-06-04,3.31,3.38,3.28,3.35,792820,AGR
851,2020-06-05,3.35,3.38,3.28,3.35,243270,AGR
852,2020-06-08,3.44,3.59,3.41,3.59,545480,AGR
853,2020-06-09,3.84,3.84,3.75,3.84,1987600,AGR
854,2020-06-10,4.08,4.08,3.79,4.02,1534870,AGR
855,2020-06-11,4.02,4.02,3.75,3.75,1023080,AGR
856,2020-06-12,3.49,3.7,3.49,3.49,1051630,AGR
857,2020-06-15,3.7,3.7,3.44,3.46,406570,AGR
858,2020-06-16,3.46,3.56,3.44,3.56,532370,AGR
859,2020-06-17,3.59,3.59,3.45,3.5,398420,AGR
860,2020-06-18,3.37,3.48,3.37,3.41,230050,AGR
861,2020-06-19,3.41,3.53,3.41,3.53,340420,AGR
862,2020-06-22,3.56,3.56,3.49,3.49,388560,AGR
863,2020-06-23,3.5,3.71,3.49,3.61,788010,AGR
864,2020-06-24,3.62,3.79,3.62,3.63,600970,AGR
865,2020-06-25,3.41,3.6,3.41,3.53,214470,AGR
866,2020-06-26,3.53,3.59,3.47,3.51,179770,AGR
867,2020-06-29,3.42,3.43,3.28,3.28,672880,AGR
868,2020-06-30,3.28,3.35,3.28,3.31,419860,AGR
869,2020-07-01,3.32,3.46,3.29,3.42,166070,AGR
870,2020-07-02,3.42,3.43,3.32,3.38,93390,AGR
871,2020-07-03,3.33,3.4,3.33,3.34,75050,AGR
872,2020-07-06,3.34,3.46,3.34,3.41,239370,AGR
873,2020-07-07,3.44,3.46,3.32,3.32,324020,AGR
874,2020-07-08,3.32,3.41,3.32,3.37,117330,AGR
875,2020-07-09,3.37,3.41,3.36,3.41,152670,AGR
876,2020-07-10,3.37,3.44,3.37,3.38,146320,AGR
877,2020-07-13,3.38,3.44,3.33,3.39,160960,AGR
878,2020-07-14,3.4,3.4,3.32,3.37,214290,AGR
879,2020-07-15,3.4,3.41,3.37,3.37,131100,AGR
880,2020-07-16,3.42,3.42,3.36,3.38,61870,AGR
881,2020-07-17,3.32,3.4,3.32,3.39,148560,AGR
882,2020-07-20,3.42,3.5,3.41,3.44,521500,AGR
883,2020-07-21,3.46,3.59,3.46,3.48,432940,AGR
884,2020-07-22,3.51,3.56,3.44,3.45,164020,AGR
885,2020-07-23,3.37,3.46,3.33,3.34,234130,AGR
886,2020-07-24,3.35,3.35,3.12,3.13,560550,AGR
887,2020-07-27,2.91,3.0,2.91,2.91,510800,AGR
888,2020-07-28,2.84,3.04,2.84,3.01,232090,AGR
889,2020-07-29,3.01,3.01,2.79,2.84,224730,AGR
890,2020-07-30,2.84,2.98,2.84,2.94,119350,AGR
891,2020-07-31,2.84,2.94,2.84,2.91,99770,AGR
892,2020-08-03,2.84,3.04,2.84,3.01,162480,AGR
893,2020-08-04,3.08,3.08,3.01,3.01,153020,AGR
894,2020-08-05,3.0,3.07,2.99,3.06,253460,AGR
895,2020-08-06,3.06,3.28,2.94,3.28,1863200,AGR
896,2020-08-07,3.36,3.41,3.23,3.31,424470,AGR
897,2020-08-10,3.32,3.36,3.29,3.29,188920,AGR
898,2020-08-11,3.29,3.29,3.22,3.24,274530,AGR
899,2020-08-12,3.19,3.25,3.19,3.24,161250,AGR
900,2020-08-13,3.24,3.32,3.23,3.28,315750,AGR
901,2020-08-14,3.28,3.32,3.26,3.26,340190,AGR
902,2020-08-17,3.28,3.3,3.24,3.26,410070,AGR
903,2020-08-18,3.31,3.31,3.23,3.26,431000,AGR
904,2020-08-19,3.26,3.31,3.25,3.31,186440,AGR
905,2020-08-20,3.32,3.51,3.32,3.41,624340,AGR
906,2020-08-21,3.45,3.5,3.39,3.46,313810,AGR
907,2020-08-24,3.41,3.49,3.41,3.47,482650,AGR
908,2020-08-25,3.48,3.49,3.45,3.49,504440,AGR
909,2020-08-26,3.51,3.65,3.51,3.62,1166070,AGR
910,2020-08-27,3.6,3.64,3.6,3.62,391040,AGR
911,2020-08-28,3.62,3.85,3.62,3.75,807950,AGR
912,2020-08-31,3.8,3.8,3.6,3.6,760110,AGR
913,2020-09-01,3.6,3.7,3.59,3.6,464940,AGR
914,2020-09-03,3.6,3.79,3.6,3.73,557480,AGR
915,2020-09-04,3.65,3.87,3.65,3.84,1374450,AGR
916,2020-09-07,3.84,3.98,3.84,3.89,869570,AGR
917,2020-09-08,3.85,3.91,3.82,3.89,605470,AGR
918,2020-09-09,3.84,3.97,3.83,3.94,615730,AGR
919,2020-09-10,3.94,4.22,3.94,4.19,1259180,AGR
920,2020-09-11,4.19,4.45,4.14,4.39,1959630,AGR
921,2020-09-14,4.44,4.48,4.41,4.48,603400,AGR
922,2020-09-15,4.5,4.5,4.38,4.41,1043050,AGR
923,2020-09-16,4.41,4.46,4.35,4.43,1060120,AGR
924,2020-09-17,4.71,4.71,4.52,4.66,1255760,AGR
925,2020-09-18,4.66,4.79,4.56,4.76,1166030,AGR
926,2020-09-21,4.92,4.92,4.69,4.69,1163740,AGR
927,2020-09-22,4.56,4.71,4.56,4.6,1033710,AGR
928,2020-09-23,4.63,4.66,4.57,4.61,772650,AGR
929,2020-09-24,4.6,4.62,4.55,4.56,878710,AGR
930,2020-09-25,4.57,4.6,4.53,4.56,515190,AGR
931,2020-09-28,4.56,4.88,4.51,4.83,1712000,AGR
932,2020-09-29,4.86,4.99,4.79,4.82,971810,AGR
933,2020-09-30,4.65,4.9,4.65,4.85,613640,AGR
934,2020-10-01,4.93,5.12,4.82,4.93,1092340,AGR
935,2020-10-02,5.03,5.03,4.59,4.84,1134790,AGR
936,2020-10-05,4.84,4.94,4.79,4.94,976920,AGR
937,2020-10-06,4.98,5.04,4.87,4.9,823920,AGR
938,2020-10-07,4.82,4.92,4.82,4.86,622450,AGR
939,2020-10-08,4.86,4.9,4.79,4.84,639660,AGR
940,2020-10-09,4.84,4.98,4.82,4.92,841380,AGR
941,2020-10-12,4.93,5.01,4.82,4.84,694540,AGR
942,2020-10-13,4.84,4.88,4.81,4.84,428780,AGR
943,2020-10-14,4.84,4.91,4.76,4.76,602950,AGR
944,2020-10-15,4.95,4.95,4.76,4.82,943310,AGR
945,2020-10-16,4.82,4.87,4.74,4.78,427340,AGR
946,2020-10-19,4.84,4.84,4.78,4.82,597980,AGR
947,2020-10-20,4.82,4.82,4.74,4.76,490650,AGR
948,2020-10-21,4.76,4.83,4.76,4.76,525810,AGR
949,2020-10-22,4.72,4.76,4.69,4.7,454900,AGR
950,2020-10-23,4.7,4.76,4.65,4.69,462710,AGR
951,2020-10-26,4.69,4.7,4.6,4.6,606500,AGR
952,2020-10-27,4.55,4.59,4.34,4.41,799400,AGR
953,2020-10-28,4.27,4.39,4.17,4.22,618510,AGR
954,2020-10-29,4.17,4.5,4.08,4.26,622810,AGR
955,2020-10-30,4.26,4.45,4.21,4.26,181080,AGR
956,2020-11-02,4.26,4.3,4.16,4.26,140400,AGR
957,2020-11-03,4.31,4.33,4.27,4.29,234060,AGR
958,2020-11-04,4.29,4.48,4.29,4.48,372900,AGR
959,2020-11-05,4.48,4.48,4.4,4.42,204460,AGR
960,2020-11-06,4.42,4.43,4.32,4.36,187120,AGR
961,2020-11-09,4.41,4.55,4.38,4.45,385220,AGR
962,2020-11-10,4.47,4.67,4.44,4.62,556950,AGR
963,2020-11-11,4.65,4.65,4.59,4.62,310870,AGR
964,2020-11-12,4.65,4.65,4.59,4.63,298680,AGR
965,2020-11-13,4.63,4.65,4.57,4.63,330080,AGR
966,2020-11-16,4.65,4.95,4.64,4.95,1642430,AGR
967,2020-11-17,4.97,5.21,4.97,5.17,1812180,AGR
968,2020-11-18,5.31,5.31,5.0,5.12,810140,AGR
969,2020-11-19,5.0,5.08,4.93,4.99,1186570,AGR
970,2020-11-20,4.93,4.98,4.87,4.91,999440,AGR
971,2020-11-23,5.12,5.12,4.92,5.01,431670,AGR
972,2020-11-24,5.01,5.03,4.92,4.98,712980,AGR
973,2020-11-25,4.93,4.98,4.89,4.93,944660,AGR
974,2020-11-26,4.87,4.98,4.87,4.95,493540,AGR
975,2020-11-27,4.96,5.29,4.95,5.29,2670950,AGR
976,2020-11-30,5.48,5.67,5.36,5.36,4496590,AGR
977,2020-12-01,5.21,5.72,5.21,5.72,2261020,AGR
978,2020-12-02,5.7,5.98,5.69,5.88,1698720,AGR
979,2020-12-03,5.93,5.93,5.71,5.78,2000160,AGR
980,2020-12-04,5.78,5.79,5.72,5.78,1203700,AGR
981,2020-12-07,5.83,6.19,5.8,6.19,2120620,AGR
982,2020-12-08,6.44,6.61,6.26,6.61,2089990,AGR
983,2020-12-09,7.01,7.06,6.92,7.06,1451030,AGR
984,2020-12-10,7.56,7.56,7.21,7.4,5499200,AGR
985,2020-12-11,7.4,7.5,6.92,7.42,2119990,AGR
986,2020-12-14,7.42,7.93,7.42,7.93,4487130,AGR
987,2020-12-15,7.97,8.21,7.78,7.97,4593680,AGR
988,2020-12-16,7.97,8.0,7.84,7.87,2475960,AGR
989,2020-12-17,7.82,7.92,7.58,7.76,2125670,AGR
990,2020-12-18,7.72,7.97,7.71,7.91,1951190,AGR
991,2020-12-21,7.91,8.46,7.91,8.45,4114220,AGR
992,2020-12-22,8.36,8.6,8.2,8.6,2614340,AGR
993,2020-12-23,8.54,8.57,8.19,8.22,2337820,AGR
994,2020-12-24,8.18,8.18,7.65,7.87,2679180,AGR
995,2020-12-25,7.87,8.34,7.81,8.25,1965430,AGR
996,2020-12-28,8.54,8.54,8.11,8.25,1568970,AGR
997,2020-12-29,8.07,8.23,8.07,8.11,1600570,AGR
998,2020-12-30,8.11,8.12,7.94,7.96,1632900,AGR
999,2020-12-31,7.97,8.28,7.9,8.15,1772710,AGR
1000,2021-01-04,8.35,8.6,8.23,8.42,3317500,AGR
1001,2021-01-05,8.42,9.01,8.36,9.01,5703100,AGR
1002,2021-01-06,9.46,9.63,9.41,9.63,2891500,AGR
1003,2021-01-07,9.87,10.29,9.87,10.29,3640500,AGR
1004,2021-01-08,10.77,11.01,10.34,10.96,5266000,AGR
1005,2021-01-11,10.96,11.62,10.52,10.91,3347300,AGR
1006,2021-01-12,10.72,10.91,10.2,10.67,2910700,AGR
1007,2021-01-13,10.77,10.77,10.44,10.49,2640700,AGR
1008,2021-01-14,10.44,11.19,10.05,11.19,3449800,AGR
1009,2021-01-15,11.85,11.95,11.57,11.95,2858000,AGR
1010,2021-01-18,12.42,12.76,12.24,12.76,2821600,AGR
1011,2021-01-19,12.94,13.18,11.9,11.9,3076300,AGR
1012,2021-01-20,11.1,11.67,11.1,11.1,5006200,AGR
1013,2021-01-21,11.1,11.85,10.72,11.85,2863400,AGR
1014,2021-01-22,12.34,12.52,11.72,11.72,2191000,AGR
1015,2021-01-25,11.19,11.85,11.1,11.38,2554900,AGR
1016,2021-01-26,10.91,11.1,10.62,10.67,1781600,AGR
1017,2021-01-27,10.15,10.2,9.96,9.96,1956000,AGR
1018,2021-01-28,9.27,9.27,9.27,9.27,389500,AGR
1019,2021-01-29,8.63,9.87,8.63,9.36,2654300,AGR
1020,2021-02-01,9.01,9.39,8.71,8.71,1587700,AGR
1021,2021-02-02,8.11,8.72,8.11,8.54,1665600,AGR
1022,2021-02-03,8.72,9.14,8.54,9.14,1112400,AGR
1023,2021-02-04,9.72,9.77,9.3,9.77,1850700,AGR
1024,2021-02-05,10.15,10.44,9.77,10.44,1652800,AGR
1025,2021-02-08,10.91,11.14,9.96,10.91,3584100,AGR
1026,2021-02-09,10.81,11.19,10.52,11.05,1587800,AGR
1027,2021-02-17,11.05,11.33,10.91,11.29,1981200,AGR
1028,2021-02-18,11.29,11.29,10.81,10.91,1663100,AGR
1029,2021-02-19,10.62,11.1,10.62,10.77,1339900,AGR
1030,2021-02-22,10.91,11.01,10.57,10.81,1286500,AGR
1031,2021-02-23,10.77,10.91,10.62,10.77,1357700,AGR
1032,2021-02-24,10.86,11.29,10.62,10.77,1472500,AGR
1033,2021-02-25,10.91,10.91,10.62,10.77,765400,AGR
1034,2021-02-26,10.62,10.77,10.44,10.72,913300,AGR
1035,2021-03-01,10.91,11.24,10.72,11.24,2298700,AGR
1036,2021-03-02,11.38,11.48,11.1,11.14,1205900,AGR
1037,2021-03-03,10.96,11.19,10.96,11.14,814900,AGR
1038,2021-03-04,11.14,11.9,11.14,11.57,3775700,AGR
1039,2021-03-05,11.57,11.72,10.91,11.57,1232200,AGR
1040,2021-03-08,11.85,11.85,11.57,11.72,1694400,AGR
1041,2021-03-09,11.57,11.62,11.19,11.48,1543000,AGR
1042,2021-03-10,11.33,11.67,11.33,11.57,1250200,AGR
1043,2021-03-11,11.72,12.37,11.72,12.34,5028000,AGR
1044,2021-03-12,12.42,12.47,12.05,12.14,1675500,AGR
1045,2021-03-15,12.05,12.19,11.9,11.9,1206300,AGR
1046,2021-03-16,11.95,11.95,11.38,11.62,2459900,AGR
1047,2021-03-17,11.57,11.72,11.43,11.67,1306900,AGR
1048,2021-03-18,11.72,12.05,11.67,11.81,1080300,AGR
1049,2021-03-19,11.67,11.95,11.67,11.85,1035600,AGR
1050,2021-03-22,11.85,11.85,11.57,11.67,1072800,AGR
1051,2021-03-23,11.53,11.72,11.29,11.38,1496900,AGR
1052,2021-03-24,11.19,11.43,10.86,11.01,1325200,AGR
1053,2021-03-25,11.01,11.1,10.72,10.81,1326400,AGR
1054,2021-03-26,10.52,10.81,10.24,10.67,1115000,AGR
1055,2021-03-29,10.72,11.14,10.72,11.14,841800,AGR
1056,2021-03-30,11.24,11.33,10.91,11.19,940100,AGR
1057,2021-03-31,11.19,11.24,10.81,11.14,800000,AGR
1058,2021-04-01,11.14,11.9,11.14,11.85,2388300,AGR
1059,2021-04-02,12.29,12.29,11.57,11.67,1847400,AGR
1060,2021-04-05,11.95,11.95,11.57,11.76,1333200,AGR
1061,2021-04-06,11.53,11.72,11.33,11.53,959600,AGR
1062,2021-04-07,11.53,11.85,11.53,11.72,1356400,AGR
1063,2021-04-08,11.81,11.9,11.57,11.67,985600,AGR
1064,2021-04-09,11.53,11.72,11.53,11.62,1028000,AGR
1065,2021-04-12,11.81,12.14,11.57,11.95,3018200,AGR
1066,2021-04-13,12.34,12.34,11.76,11.85,3238000,AGR
1067,2021-04-14,11.76,11.95,11.57,11.95,1377200,AGR
1068,2021-04-15,11.95,11.95,11.53,11.57,1391900,AGR
1069,2021-04-16,11.48,11.48,10.86,11.14,2679100,AGR
1070,2021-04-19,11.05,11.38,10.67,11.38,1128400,AGR
1071,2021-04-20,11.38,11.38,10.96,11.05,903200,AGR
1072,2021-04-22,10.91,11.01,10.52,10.52,1479000,AGR
1073,2021-04-23,10.39,10.91,10.34,10.91,879900,AGR
1074,2021-04-26,10.91,11.01,10.49,10.57,646500,AGR
1075,2021-04-27,10.57,10.57,10.2,10.34,555500,AGR
1076,2021-04-28,10.34,10.52,10.2,10.44,499200,AGR
1077,2021-04-29,10.44,10.62,10.24,10.24,641800,AGR
1078,2021-05-04,9.58,10.24,9.58,9.96,548500,AGR
1079,2021-05-05,10.24,10.62,10.15,10.62,634200,AGR
1080,2021-05-06,10.91,10.91,10.44,10.44,722700,AGR
1081,2021-05-07,10.29,10.44,10.1,10.2,627300,AGR
1082,2021-05-10,9.87,10.62,9.87,10.52,917100,AGR
1083,2021-05-11,10.77,10.77,10.49,10.49,1080000,AGR
1084,2021-05-12,10.44,10.52,10.34,10.49,657800,AGR
1085,2021-05-13,10.44,10.81,10.34,10.44,1128000,AGR
1086,2021-05-14,10.44,10.62,10.34,10.44,870300,AGR
1087,2021-05-17,10.44,10.57,10.29,10.34,622200,AGR
1088,2021-05-18,10.29,10.44,10.2,10.29,767900,AGR
1089,2021-05-19,10.29,10.29,10.2,10.2,872800,AGR
1090,2021-05-20,10.2,10.81,10.15,10.72,1853600,AGR
1091,2021-05-21,10.81,11.19,10.77,10.81,1343800,AGR
1092,2021-05-24,10.86,10.96,10.52,10.72,663800,AGR
1093,2021-05-25,10.62,11.19,10.57,10.96,2530400,AGR
1094,2021-05-26,11.29,11.33,11.05,11.1,1345700,AGR
1095,2021-05-27,11.24,11.29,10.86,10.86,811300,AGR
1096,2021-05-28,10.77,11.33,10.67,11.29,2362500,AGR
1097,2021-05-31,11.85,12.05,11.81,12.05,6565700,AGR
1098,2021-06-01,12.86,12.86,12.81,12.81,4547600,AGR
1099,2021-06-02,12.71,13.04,12.34,12.86,3995900,AGR
1100,2021-06-03,13.28,13.7,13.23,13.7,6300100,AGR
1101,2021-06-04,14.42,14.42,13.75,14.22,5976400,AGR
1102,2021-06-07,13.75,14.14,13.23,13.28,5156900,AGR
1103,2021-06-08,12.9,13.28,12.37,12.37,3642200,AGR
1104,2021-06-09,12.24,13.18,11.53,12.86,4979500,AGR
1105,2021-06-10,12.9,12.9,12.05,12.42,1617500,AGR
1106,2021-06-11,12.14,12.86,12.14,12.57,1824300,AGR
1107,2021-06-14,12.57,13.42,12.29,13.23,4819100,AGR
1108,2021-06-15,13.38,13.52,12.99,13.18,2524000,AGR
1109,2021-06-16,13.09,13.09,12.47,12.81,2092100,AGR
1110,2021-06-17,12.42,12.9,12.34,12.81,2291700,AGR
1111,2021-06-18,12.99,13.04,12.81,12.86,2014100,AGR
1112,2021-06-21,12.57,12.86,12.52,12.57,1466900,AGR
1113,2021-06-22,12.66,12.81,12.52,12.62,1524200,AGR
1114,2021-06-23,12.62,13.18,12.62,12.76,2066300,AGR
1115,2021-06-24,12.81,12.99,12.62,12.76,1377700,AGR
1116,2021-06-25,12.81,13.47,12.62,13.47,3985900,AGR
1117,2021-06-28,13.66,13.7,13.23,13.28,2789600,AGR
1118,2021-06-29,13.28,13.7,13.18,13.42,2432000,AGR
1119,2021-06-30,13.28,13.38,12.99,13.09,1590200,AGR
1120,2021-07-01,13.28,13.99,13.14,13.99,11084100,AGR
1121,2021-07-02,14.71,14.94,14.42,14.94,7293400,AGR
1122,2021-07-05,15.65,15.75,14.99,15.36,5862600,AGR
1123,2021-07-06,15.18,15.23,14.32,14.32,7545000,AGR
1124,2021-07-07,13.66,14.22,13.33,13.99,3927700,AGR
1125,2021-07-08,14.22,14.32,13.47,13.75,2412400,AGR
1126,2021-07-09,13.38,13.7,12.81,12.81,4849400,AGR
1127,2021-07-12,12.34,12.34,11.95,11.95,3095800,AGR
1128,2021-07-13,12.05,12.34,11.29,12.14,3180600,AGR
1129,2021-07-14,12.14,12.37,11.38,11.67,2136900,AGR
1130,2021-07-15,11.43,12.47,11.43,12.42,1980800,AGR
1131,2021-07-16,12.42,12.52,12.05,12.1,1540900,AGR
1132,2021-07-19,11.43,11.76,11.29,11.29,2620200,AGR
1133,2021-07-20,11.14,12.05,10.91,12.05,2188600,AGR
1134,2021-07-21,12.05,12.29,11.67,11.76,1110300,AGR
1135,2021-07-22,11.76,12.0,11.57,11.85,1107800,AGR
1136,2021-07-23,11.62,11.85,11.57,11.57,1578600,AGR
1137,2021-07-26,11.38,11.67,11.24,11.53,1519800,AGR
1138,2021-07-27,11.67,11.85,11.57,11.67,1227600,AGR
1139,2021-07-28,11.67,11.81,11.57,11.67,812700,AGR
1140,2021-07-29,11.72,12.47,11.72,12.47,4652900,AGR
1141,2021-07-30,12.81,12.81,12.47,12.62,2347200,AGR
1142,2021-08-02,12.52,12.81,12.47,12.62,2169100,AGR
1143,2021-08-03,12.99,13.47,12.81,13.28,4032500,AGR
1144,2021-08-04,13.56,13.7,13.33,13.47,4201700,AGR
1145,2021-08-05,13.38,13.75,13.18,13.66,2450200,AGR
1146,2021-08-06,13.7,13.7,13.33,13.33,2625800,AGR
1147,2021-08-09,13.09,13.7,13.09,13.66,3769000,AGR
1148,2021-08-10,13.85,14.14,13.52,13.66,2271600,AGR
1149,2021-08-11,13.66,13.85,13.42,13.47,2286600,AGR
1150,2021-08-12,13.18,13.66,13.09,13.28,2851100,AGR
1151,2021-08-13,13.23,13.61,13.14,13.56,2921700,AGR
1152,2021-08-16,14.04,14.51,13.85,14.51,4739600,AGR
1153,2021-08-17,14.51,14.51,13.99,14.14,3090000,AGR
1154,2021-08-18,13.95,14.61,13.85,14.22,3704500,AGR
1155,2021-08-19,14.22,15.13,14.09,15.13,6247500,AGR
1156,2021-08-20,15.28,15.89,14.42,15.28,8016800,AGR
1157,2021-08-23,15.28,16.32,14.99,16.32,9274900,AGR
1158,2021-08-24,16.98,17.26,15.18,15.46,6652000,AGR
1159,2021-08-25,15.32,15.65,14.79,15.65,3132100,AGR
1160,2021-08-26,15.55,16.12,15.23,15.32,3430000,AGR
1161,2021-08-27,15.32,15.75,14.84,15.75,3149100,AGR
1162,2021-08-30,16.03,16.12,15.75,15.94,3596600,AGR
1163,2021-08-31,16.17,16.32,15.65,15.65,3283100,AGR
1164,2021-09-01,15.55,16.03,15.36,15.89,2798400,AGR
1165,2021-09-06,16.32,16.98,16.03,16.98,5608500,AGR
1166,2021-09-07,16.98,17.26,16.41,16.55,4064100,AGR
1167,2021-09-08,16.79,16.79,16.03,16.27,2955400,AGR
1168,2021-09-09,16.12,16.51,16.03,16.41,2218100,AGR
1169,2021-09-10,16.6,16.64,16.27,16.27,2084200,AGR
1170,2021-09-13,16.27,16.27,15.6,15.89,3193200,AGR
1171,2021-09-14,15.8,15.84,15.32,15.41,2960200,AGR
1172,2021-09-15,15.18,15.94,15.13,15.65,1984200,AGR
1173,2021-09-16,15.75,15.8,15.51,15.6,1343400,AGR
1174,2021-09-17,15.75,16.32,15.75,16.22,2913600,AGR
1175,2021-09-20,16.41,16.69,15.94,16.12,2849800,AGR
1176,2021-09-21,15.65,15.98,15.46,15.8,2442900,AGR
1177,2021-09-22,15.84,16.27,15.75,16.12,2454700,AGR
1178,2021-09-23,16.55,16.6,16.03,16.12,2858200,AGR
1179,2021-09-24,16.22,16.22,15.84,15.94,1346700,AGR
1180,2021-09-27,15.75,15.98,15.18,15.18,2153700,AGR
1181,2021-09-28,14.79,15.65,14.79,15.6,1316100,AGR
1182,2021-09-29,15.55,15.55,15.23,15.46,1023500,AGR
1183,2021-09-30,15.65,15.7,15.36,15.36,1030300,AGR
1184,2021-10-01,15.28,15.65,15.18,15.23,1526300,AGR
1185,2021-10-04,15.18,15.36,14.71,15.03,1954300,AGR
1186,2021-10-05,15.28,16.08,15.13,16.03,3059400,AGR
1187,2021-10-06,16.03,16.27,15.8,15.89,1350000,AGR
1188,2021-10-07,15.89,16.22,15.6,15.94,2115400,AGR
1189,2021-10-08,15.94,16.12,15.75,15.84,1277800,AGR
1190,2021-10-11,15.94,16.36,15.8,16.17,3116200,AGR
1191,2021-10-12,16.41,17.08,16.36,16.55,5428900,AGR
1192,2021-10-13,16.69,16.93,16.27,16.32,1963000,AGR
1193,2021-10-14,16.12,16.79,16.12,16.6,2626600,AGR
1194,2021-10-15,16.79,16.98,16.41,16.6,3516700,AGR
1195,2021-10-18,16.32,16.88,15.89,16.22,6170400,AGR
1196,2021-10-19,16.22,16.46,15.98,16.08,1785500,AGR
1197,2021-10-20,16.03,16.22,15.84,16.03,2789500,AGR
1198,2021-10-21,16.22,16.41,15.89,16.03,1501500,AGR
1199,2021-10-22,16.03,16.03,15.8,15.84,2505000,AGR
1200,2021-10-25,15.98,16.12,15.84,15.94,1701300,AGR
1201,2021-10-26,15.84,16.12,15.65,15.98,1203700,AGR
1202,2021-10-27,16.03,16.51,15.89,16.32,3523300,AGR
1203,2021-10-28,16.41,16.98,16.41,16.55,3992200,AGR
1204,2021-10-29,16.88,16.88,16.32,16.6,2517600,AGR
1205,2021-11-01,16.98,17.55,16.6,17.55,6579200,AGR
1206,2021-11-02,17.93,18.21,17.65,18.07,3401300,AGR
1207,2021-11-03,18.35,18.49,17.26,17.26,4063200,AGR
1208,2021-11-04,17.55,18.45,17.13,18.31,4358500,AGR
1209,2021-11-05,18.59,18.83,18.07,18.21,2874500,AGR
1210,2021-11-08,18.26,18.97,18.21,18.74,4034000,AGR
1211,2021-11-09,18.74,18.74,18.26,18.35,3044200,AGR
1212,2021-11-10,18.49,18.69,18.31,18.4,2096700,AGR
1213,2021-11-11,18.49,18.83,17.83,18.4,3924900,AGR
1214,2021-11-12,18.4,19.68,18.21,19.68,6120000,AGR
1215,2021-11-15,20.59,21.06,20.49,21.06,3959000,AGR
1216,2021-11-16,19.92,22.29,19.92,21.87,4802800,AGR
1217,2021-11-17,21.87,23.24,21.35,22.86,4380300,AGR
1218,2021-11-18,23.38,24.42,23.38,24.42,4267800,AGR
1219,2021-11-19,25.42,25.9,22.72,23.72,8195400,AGR
1220,2021-11-22,23.9,24.57,22.76,22.76,4822400,AGR
1221,2021-11-23,22.1,24.33,22.1,24.33,3477900,AGR
1222,2021-11-24,25.13,25.61,24.76,24.95,3023800,AGR
1223,2021-11-25,24.86,26.09,24.19,25.42,3575700,AGR
1224,2021-11-26,25.33,25.61,24.29,24.71,3153400,AGR
1225,2021-11-29,23.9,25.7,23.72,25.57,3414100,AGR
1226,2021-11-30,26.09,27.03,25.61,26.27,4353700,AGR
1227,2021-12-01,25.9,26.37,25.7,26.27,1845200,AGR
1228,2021-12-02,26.18,26.51,25.7,25.7,2100800,AGR
1229,2021-12-03,25.65,25.8,23.95,23.95,6293300,AGR
1230,2021-12-06,23.85,24.0,22.29,22.29,3855500,AGR
1231,2021-12-07,22.76,23.24,21.35,23.24,2690300,AGR
1232,2021-12-08,23.24,23.53,22.96,23.28,2241500,AGR
1233,2021-12-09,22.96,23.72,22.96,23.72,1558000,AGR
1234,2021-12-10,23.72,23.72,22.96,23.15,1628200,AGR
1235,2021-12-13,23.15,24.09,22.86,23.43,1694500,AGR
1236,2021-12-14,23.72,23.72,22.96,23.15,1531300,AGR
1237,2021-12-15,23.05,23.15,22.67,22.67,1816200,AGR
1238,2021-12-16,22.67,23.05,22.0,22.2,2233900,AGR
1239,2021-12-17,22.48,23.33,22.2,23.33,1986000,AGR
1240,2021-12-20,23.43,24.19,23.19,23.72,2480900,AGR
1241,2021-12-21,23.72,23.72,23.1,23.15,1367300,AGR
1242,2021-12-22,23.15,23.53,22.39,22.76,2206700,AGR
1243,2021-12-23,22.67,22.67,21.2,21.72,3218500,AGR
1244,2021-12-24,21.72,22.39,21.39,22.1,1155200,AGR
1245,2021-12-27,22.62,22.62,21.82,22.0,679000,AGR
1246,2021-12-28,22.2,22.2,21.72,21.82,1719000,AGR
1247,2021-12-29,21.87,23.15,21.43,22.76,2375600,AGR
1248,2021-12-30,23.53,24.33,23.24,24.33,3580400,AGR
1249,2021-12-31,24.95,25.28,24.14,24.19,2792500,AGR
1250,2022-01-04,24.37,24.66,24.19,24.19,2426000,AGR
1251,2022-01-05,24.19,25.04,23.8,23.9,2947800,AGR
1252,2022-01-06,23.57,24.19,23.24,23.57,2707400,AGR
1253,2022-01-07,23.53,24.19,23.43,23.8,1660100,AGR
1254,2022-01-10,24.0,24.0,22.76,22.96,2601300,AGR
1255,2022-01-11,22.76,23.53,22.2,22.39,1904600,AGR
1256,2022-01-12,22.39,23.72,22.29,23.24,2198500,AGR
1257,2022-01-13,23.33,23.53,22.44,22.44,1327600,AGR
1258,2022-01-14,22.29,22.72,22.05,22.29,1020900,AGR
1259,2022-01-17,22.48,22.48,20.77,20.77,2557200,AGR
1260,2022-01-18,19.35,20.02,19.35,19.35,2481900,AGR
1261,2022-01-19,19.92,20.11,19.21,19.92,1274900,AGR
1262,2022-01-20,20.25,20.59,19.58,20.39,942400,AGR
1263,2022-01-21,20.2,20.39,19.45,20.07,807000,AGR
1264,2022-01-24,19.58,19.73,18.69,18.69,1898200,AGR
1265,2022-01-25,17.45,18.69,17.45,18.21,1226900,AGR
1266,2022-01-26,18.49,18.69,17.88,17.88,713300,AGR
1267,2022-01-27,17.83,18.88,17.65,18.02,863300,AGR
1268,2022-01-28,18.4,18.4,17.88,18.12,760600,AGR
1269,2022-02-07,19.06,19.21,18.69,19.16,675000,AGR
1270,2022-02-08,19.06,19.35,18.78,19.21,741800,AGR
1271,2022-02-09,19.16,19.87,19.01,19.63,938200,AGR
1272,2022-02-10,19.73,19.82,19.4,19.54,784400,AGR
1273,2022-02-11,19.3,19.68,19.26,19.54,565700,AGR
1274,2022-02-14,19.35,19.35,18.49,18.78,902400,AGR
1275,2022-02-15,18.69,19.01,18.59,18.88,671600,AGR
1276,2022-02-16,19.3,19.35,18.97,19.06,619300,AGR
1277,2022-02-17,19.06,19.3,19.06,19.3,586700,AGR
1278,2022-02-18,19.16,19.87,19.01,19.63,1871900,AGR
1279,2022-02-21,19.92,20.59,19.92,20.34,1349000,AGR
1280,2022-02-22,20.02,20.3,19.45,19.78,1478300,AGR
1281,2022-02-23,19.92,20.2,19.92,20.07,970500,AGR
1282,2022-02-24,20.02,20.59,18.97,19.54,2057300,AGR
1283,2022-02-25,19.92,20.34,19.73,20.2,1228400,AGR
1284,2022-02-28,20.49,20.49,19.92,20.02,1001200,AGR
1285,2022-03-01,19.97,20.34,19.78,20.2,1042700,AGR
1286,2022-03-02,20.3,20.3,19.73,19.97,1290900,AGR
1287,2022-03-03,20.15,20.39,19.73,20.34,1753200,AGR
1288,2022-03-04,20.73,21.15,20.63,20.73,1875500,AGR
1289,2022-03-07,20.39,20.77,20.2,20.39,1229400,AGR
1290,2022-03-08,20.11,20.77,19.92,20.15,1587800,AGR
1291,2022-03-09,20.73,20.73,19.82,20.11,1160200,AGR
1292,2022-03-10,20.59,20.68,20.2,20.2,583400,AGR
1293,2022-03-11,20.2,20.2,19.5,19.63,1182700,AGR
1294,2022-03-14,19.35,19.35,18.69,18.83,1544800,AGR
1295,2022-03-15,18.97,19.06,18.78,18.93,807100,AGR
1296,2022-03-16,18.97,19.21,18.83,19.01,780300,AGR
1297,2022-03-17,19.26,19.3,19.06,19.26,861800,AGR
1298,2022-03-18,19.3,19.4,19.16,19.26,591000,AGR
1299,2022-03-21,19.26,19.45,19.16,19.45,927400,AGR
1300,2022-03-22,19.73,19.82,19.4,19.58,780800,AGR
1301,2022-03-23,19.82,19.82,19.58,19.63,806000,AGR
1302,2022-03-24,19.58,19.73,19.4,19.45,961100,AGR
1303,2022-03-25,19.45,19.63,19.3,19.3,613100,AGR
1304,2022-03-28,18.69,19.3,18.69,18.97,1216400,AGR
1305,2022-03-29,19.06,19.35,18.97,19.06,617400,AGR
1306,2022-03-30,19.06,19.26,18.69,18.88,816100,AGR
1307,2022-03-31,18.88,19.16,18.64,18.83,631200,AGR
1308,2022-04-01,18.64,18.97,18.49,18.97,735400,AGR
1309,2022-04-04,19.35,20.3,19.06,20.3,2471600,AGR
1310,2022-04-05,20.3,20.49,19.63,19.73,1559100,AGR
1311,2022-04-06,19.35,19.92,19.16,19.68,981700,AGR
1312,2022-04-07,19.54,19.68,19.16,19.16,909000,AGR
1313,2022-04-08,19.06,19.4,18.69,18.74,1176900,AGR
1314,2022-04-12,18.59,18.93,17.55,17.55,1221100,AGR
1315,2022-04-13,17.6,18.02,16.79,18.02,994800,AGR
1316,2022-04-14,18.17,18.31,17.74,17.74,474500,AGR
1317,2022-04-15,17.83,17.83,16.88,17.03,907900,AGR
1318,2022-04-18,16.6,16.93,15.84,15.84,1376000,AGR
1319,2022-04-19,15.89,16.32,14.84,14.84,600100,AGR
1320,2022-04-20,14.79,15.36,14.51,14.79,864300,AGR
1321,2022-04-21,14.61,15.75,13.8,14.79,1146600,AGR
1322,2022-04-22,15.36,15.36,14.51,14.71,724200,AGR
1323,2022-04-25,14.79,15.03,13.7,13.7,818000,AGR
1324,2022-04-26,13.61,14.04,12.76,14.04,726600,AGR
1325,2022-04-27,13.99,14.37,13.75,14.32,371300,AGR
1326,2022-04-28,14.42,14.71,14.32,14.42,391500,AGR
1327,2022-04-29,14.37,14.66,14.22,14.51,546900,AGR
1328,2022-05-04,14.51,14.61,14.14,14.18,472900,AGR
1329,2022-05-05,14.42,14.42,13.56,14.04,435300,AGR
1330,2022-05-06,13.85,13.85,13.09,13.09,592900,AGR
1331,2022-05-09,12.9,12.9,12.19,12.19,699700,AGR
1332,2022-05-10,11.38,12.81,11.38,12.81,1012300,AGR
1333,2022-05-11,12.81,12.94,12.34,12.66,374800,AGR
1334,2022-05-12,12.34,12.42,11.81,11.81,590800,AGR
1335,2022-05-13,11.1,11.76,11.01,11.01,982800,AGR
1336,2022-05-16,11.1,11.57,11.05,11.1,561800,AGR
1337,2022-05-17,10.62,11.85,10.62,11.85,757200,AGR
1338,2022-05-18,12.24,12.52,11.95,12.0,597200,AGR
1339,2022-05-19,11.53,12.19,11.48,12.0,609200,AGR
1340,2022-05-20,12.34,12.42,12.05,12.05,587100,AGR
1341,2022-05-23,12.24,12.29,11.29,11.57,655200,AGR
1342,2022-05-24,11.43,11.67,11.1,11.67,482900,AGR
1343,2022-05-25,11.85,12.19,11.62,12.14,615300,AGR
1344,2022-05-26,12.34,12.81,12.24,12.47,1050800,AGR
1345,2022-05-27,12.37,12.62,12.34,12.42,519500,AGR
1346,2022-05-30,12.57,12.71,12.34,12.62,428300,AGR
1347,2022-05-31,12.37,12.66,12.37,12.37,573700,AGR
1348,2022-06-01,12.42,12.62,12.14,12.29,476900,AGR
1349,2022-06-02,12.29,12.57,12.05,12.05,633100,AGR
1350,2022-06-03,12.05,12.1,11.72,11.76,428800,AGR
1351,2022-06-06,11.76,12.24,11.53,11.67,516600,AGR
1352,2022-06-07,11.62,11.72,11.19,11.38,625800,AGR
1353,2022-06-08,11.57,11.95,11.53,11.76,514900,AGR
1354,2022-06-09,11.85,12.14,11.85,12.14,359300,AGR
1355,2022-06-10,11.95,12.1,11.67,11.67,388200,AGR
1356,2022-06-13,11.53,11.53,10.86,10.86,860600,AGR
1357,2022-06-14,10.2,10.81,10.2,10.39,485200,AGR
1358,2022-06-15,10.15,10.62,9.68,9.68,619500,AGR
1359,2022-06-16,9.77,10.15,9.48,9.68,440800,AGR
1360,2022-06-17,9.12,9.48,9.0,9.0,777600,AGR
1361,2022-06-20,8.46,9.2,8.37,8.37,628400,AGR
1362,2022-06-21,7.99,8.72,7.99,8.15,488400,AGR
1363,2022-06-22,8.72,8.72,8.25,8.65,621800,AGR
1364,2022-06-23,8.65,8.82,8.56,8.72,350900,AGR
1365,2022-06-24,9.09,9.24,8.83,9.05,508100,AGR
1366,2022-06-27,9.01,9.48,8.96,9.48,429100,AGR
1367,2022-06-28,9.63,9.87,9.39,9.44,518300,AGR
1368,2022-06-29,9.02,9.72,9.02,9.46,541400,AGR
1369,2022-06-30,9.46,9.48,8.88,8.92,533700,AGR
1370,2022-07-01,8.72,9.53,8.44,9.3,734100,AGR
1371,2022-07-04,9.35,9.92,9.35,9.87,1008700,AGR
1372,2022-07-05,9.87,9.87,9.63,9.63,582900,AGR
1373,2022-07-06,9.3,9.63,9.3,9.3,464600,AGR
1374,2022-07-07,9.2,9.48,8.98,9.16,286000,AGR
1375,2022-07-08,9.39,9.63,9.3,9.48,370700,AGR
1376,2022-07-11,9.63,9.72,9.34,9.39,387100,AGR
1377,2022-07-12,9.35,9.68,9.35,9.68,870300,AGR
1378,2022-07-13,9.72,9.82,9.63,9.68,766000,AGR
1379,2022-07-14,9.68,10.34,9.48,10.34,1536800,AGR
1380,2022-07-15,10.39,10.67,10.24,10.29,778600,AGR
1381,2022-07-18,10.44,10.62,10.24,10.34,862900,AGR
1382,2022-07-19,10.29,10.39,9.87,10.1,1048100,AGR
1383,2022-07-20,10.49,10.57,10.24,10.34,879200,AGR
1384,2022-07-21,10.34,10.39,10.1,10.29,672700,AGR
1385,2022-07-22,10.24,10.39,10.15,10.15,617100,AGR
1386,2022-07-25,10.15,10.39,9.92,10.15,589300,AGR
1387,2022-07-26,10.15,10.2,9.96,9.96,369800,AGR
1388,2022-07-27,9.96,10.34,9.96,10.29,820300,AGR
1389,2022-07-28,10.44,10.81,10.44,10.62,1399000,AGR
1390,2022-07-29,10.62,10.81,10.52,10.62,689000,AGR
1391,2022-08-01,10.62,11.29,10.62,11.29,1436000,AGR
1392,2022-08-02,11.38,11.57,11.19,11.38,1142600,AGR
1393,2022-08-03,11.19,11.38,11.1,11.38,1330100,AGR
1394,2022-08-04,11.48,11.76,11.29,11.38,1089400,AGR
1395,2022-08-05,11.38,11.81,11.29,11.76,1221400,AGR
1396,2022-08-08,11.85,11.95,11.53,11.57,1181300,AGR
1397,2022-08-09,11.57,11.72,11.38,11.57,957400,AGR
1398,2022-08-10,11.48,11.67,11.43,11.48,759000,AGR
1399,2022-08-11,11.67,11.85,11.19,11.33,907000,AGR
1400,2022-08-12,11.19,11.67,11.19,11.48,827600,AGR
1401,2022-08-15,11.62,11.72,11.53,11.67,939900,AGR
1402,2022-08-16,11.72,11.72,11.57,11.62,407700,AGR
1403,2022-08-17,11.67,11.76,11.53,11.57,756200,AGR
1404,2022-08-18,11.53,11.95,11.43,11.67,1231100,AGR
1405,2022-08-19,11.67,12.05,11.53,11.81,1394900,AGR
1406,2022-08-22,11.81,12.37,11.72,12.24,2351700,AGR
1407,2022-08-23,12.05,12.81,11.76,12.81,2105000,AGR
1408,2022-08-24,12.9,12.94,12.66,12.71,1034100,AGR
1409,2022-08-25,12.62,12.99,12.62,12.81,1459500,AGR
1410,2022-08-26,12.81,12.9,12.42,12.47,1479800,AGR
1411,2022-08-29,12.14,12.24,11.62,12.1,1987300,AGR
1412,2022-08-30,12.29,12.29,11.76,11.9,810800,AGR
1413,2022-08-31,11.85,12.1,11.67,12.05,805400,AGR
1414,2022-09-05,11.9,12.14,11.81,11.9,639800,AGR
1415,2022-09-06,11.81,12.0,11.81,11.9,673100,AGR
1416,2022-09-07,11.72,11.9,11.19,11.19,1360400,AGR
1417,2022-09-08,11.29,11.53,10.91,11.01,788400,AGR
1418,2022-09-09,11.05,11.19,10.62,11.01,624500,AGR
1419,2022-09-12,11.19,11.38,11.01,11.05,534100,AGR
1420,2022-09-13,11.05,11.29,10.91,11.1,367000,AGR
1421,2022-09-14,10.72,11.38,10.72,11.38,600000,AGR
1422,2022-09-15,11.43,11.43,11.1,11.24,260800,AGR
1423,2022-09-16,11.19,11.19,10.81,10.81,412200,AGR
1424,2022-09-19,10.81,10.86,10.1,10.1,808700,AGR
1425,2022-09-20,10.1,10.34,9.96,10.29,558800,AGR
1426,2022-09-21,10.1,10.39,10.1,10.34,265600,AGR
1427,2022-09-22,10.24,10.62,10.1,10.52,479200,AGR
1428,2022-09-23,10.52,10.62,10.34,10.34,314700,AGR
1429,2022-09-26,10.24,10.24,9.63,9.68,748600,AGR
1430,2022-09-27,9.53,9.82,9.53,9.68,300300,AGR
1431,2022-09-28,9.68,9.82,9.48,9.68,380800,AGR
1432,2022-09-29,9.77,9.96,9.3,9.3,339200,AGR
1433,2022-09-30,9.2,9.3,8.82,9.3,524000,AGR
1434,2022-10-03,9.29,9.3,8.65,8.65,383300,AGR
1435,2022-10-04,8.87,8.87,8.25,8.25,374800,AGR
1436,2022-10-05,8.54,8.72,8.44,8.72,342600,AGR
1437,2022-10-06,8.72,8.87,8.23,8.37,288100,AGR
1438,2022-10-07,8.08,8.35,7.79,7.79,907300,AGR
1439,2022-10-10,7.31,8.07,7.31,7.97,635500,AGR
1440,2022-10-11,8.07,8.07,7.42,7.42,616700,AGR
1441,2022-10-12,7.4,7.83,7.4,7.58,445800,AGR
1442,2022-10-13,7.77,7.77,7.53,7.6,205300,AGR
1443,2022-10-14,7.97,8.07,7.77,7.79,505100,AGR
1444,2022-10-17,7.79,7.92,7.63,7.91,341100,AGR
1445,2022-10-18,8.25,8.25,8.06,8.07,403900,AGR
1446,2022-10-19,7.78,8.2,7.76,7.97,315400,AGR
1447,2022-10-20,7.97,7.97,7.75,7.83,124500,AGR
1448,2022-10-21,7.83,7.84,7.31,7.31,418200,AGR
1449,2022-10-24,7.34,7.4,6.8,6.8,466400,AGR
1450,2022-10-25,6.45,6.99,6.37,6.66,554200,AGR
1451,2022-10-26,6.67,6.91,6.66,6.66,185400,AGR
1452,2022-10-27,6.49,7.12,6.49,7.12,366400,AGR
1453,2022-10-28,7.31,7.4,7.19,7.21,275900,AGR
1454,2022-10-31,7.33,7.33,6.92,7.24,272300,AGR
1455,2022-11-01,7.25,7.58,7.25,7.51,338100,AGR
1456,2022-11-02,7.48,7.78,7.47,7.5,242700,AGR
1457,2022-11-03,7.07,7.58,7.07,7.19,381800,AGR
1458,2022-11-04,7.21,7.26,6.74,6.83,307800,AGR
1459,2022-11-07,6.89,7.1,6.54,6.56,385700,AGR
1460,2022-11-08,6.22,6.74,6.22,6.69,249000,AGR
1461,2022-11-09,6.81,6.92,6.65,6.65,228400,AGR
1462,2022-11-10,6.54,6.76,6.19,6.19,575800,AGR
1463,2022-11-11,6.31,6.5,6.21,6.21,426800,AGR
1464,2022-11-14,6.25,6.25,5.77,5.87,312400,AGR
1465,2022-11-15,5.7,5.88,5.46,5.46,371000,AGR
1466,2022-11-16,5.09,5.84,5.09,5.84,626600,AGR
1467,2022-11-17,6.07,6.19,6.02,6.19,454200,AGR
1468,2022-11-18,6.45,6.52,6.07,6.44,457700,AGR
1469,2022-11-21,6.83,6.83,6.45,6.48,357100,AGR
1470,2022-11-22,6.49,6.83,6.36,6.61,585000,AGR
1471,2022-11-23,6.61,6.78,6.49,6.5,199500,AGR
1472,2022-11-24,6.18,6.53,6.18,6.38,272800,AGR
1473,2022-11-25,6.55,6.83,6.44,6.83,573300,AGR
1474,2022-11-28,7.11,7.31,7.03,7.31,815100,AGR
1475,2022-11-29,7.73,7.76,7.29,7.58,1023300,AGR
1476,2022-11-30,7.68,7.75,7.4,7.68,846300,AGR
1477,2022-12-01,7.78,8.06,7.68,7.72,996000,AGR
1478,2022-12-02,7.63,8.23,7.59,8.23,1112000,AGR
1479,2022-12-05,8.79,8.79,8.52,8.59,1072000,AGR
1480,2022-12-06,8.59,8.59,7.99,7.99,1237800,AGR
1481,2022-12-07,7.97,7.99,7.44,7.45,867400,AGR
1482,2022-12-08,7.63,7.96,7.63,7.96,1015500,AGR
1483,2022-12-09,8.06,8.06,7.77,7.97,528300,AGR
1484,2022-12-12,8.0,8.24,7.59,7.76,861600,AGR
1485,2022-12-13,7.72,8.11,7.69,8.11,517500,AGR
1486,2022-12-14,8.44,8.44,8.07,8.07,542100,AGR
1487,2022-12-15,8.08,8.2,7.97,8.1,714300,AGR
1488,2022-12-16,7.83,8.15,7.83,8.12,512400,AGR
1489,2022-12-19,8.13,8.54,8.1,8.15,1005200,AGR
1490,2022-12-20,7.88,8.11,7.63,7.76,876200,AGR
1491,2022-12-21,7.78,7.79,7.22,7.31,756800,AGR
1492,2022-12-22,7.45,7.5,7.21,7.35,424800,AGR
1493,2022-12-23,7.45,7.45,7.26,7.4,293000,AGR
1494,2022-12-26,7.4,7.45,6.9,6.92,390800,AGR
1495,2022-12-27,6.92,7.01,6.92,6.94,135000,AGR
1496,2022-12-27,6.94,7.28,6.92,7.28,350400,AGR
1497,2022-12-28,7.41,7.41,7.24,7.31,192300,AGR
1498,2022-12-29,7.31,7.35,7.23,7.23,208600,AGR
1499,2022-12-30,7.32,7.32,7.23,7.23,149000,AGR
1500,2023-01-03,7.23,7.71,7.18,7.71,547100,AGR
1501,2023-01-04,7.81,7.81,7.66,7.71,455900,AGR
1502,2023-01-05,7.71,7.81,7.41,7.71,523400,AGR
1503,2023-01-06,7.71,7.83,7.7,7.71,790500,AGR
1504,2023-01-09,7.74,7.87,7.62,7.64,152400,AGR
1505,2023-01-10,7.5,7.69,7.45,7.52,320600,AGR
1506,2023-01-11,7.53,7.83,7.53,7.75,388000,AGR
1507,2023-01-12,7.82,7.82,7.64,7.7,291500,AGR
1508,2023-01-13,7.77,7.89,7.64,7.76,706100,AGR
1509,2023-01-16,7.76,7.81,7.62,7.71,296600,AGR
1510,2023-01-17,7.76,7.96,7.71,7.94,704900,AGR
1511,2023-01-18,7.94,8.0,7.87,7.94,347800,AGR
1512,2023-01-19,7.94,8.19,7.94,8.09,551700,AGR
1513,2023-01-27,8.23,8.34,8.11,8.14,691800,AGR
1514,2023-01-30,8.19,8.26,8.05,8.15,737200,AGR
1515,2023-01-31,8.19,8.19,8.11,8.19,804100,AGR
1516,2023-02-01,8.27,8.34,7.9,7.91,1156400,AGR
1517,2023-02-02,7.91,8.03,7.71,7.8,536200,AGR
1518,2023-02-03,7.83,7.92,7.68,7.77,581500,AGR
1519,2023-02-06,7.81,7.81,7.68,7.79,280400,AGR
1520,2023-02-07,7.82,7.95,7.61,7.7,353800,AGR
1521,2023-02-08,7.8,7.81,7.52,7.76,387900,AGR
1522,2023-02-09,7.76,7.83,7.71,7.71,151200,AGR
1523,2023-02-10,7.71,7.71,7.57,7.58,250000,AGR
1524,2023-02-13,7.58,7.58,7.06,7.08,755300,AGR
1525,2023-02-14,7.13,7.32,7.08,7.26,278000,AGR
1526,2023-02-15,7.32,7.51,7.32,7.42,281000,AGR
1527,2023-02-16,7.47,7.61,7.4,7.53,235700,AGR
1528,2023-02-17,7.52,7.6,7.42,7.52,236500,AGR
1529,2023-02-20,7.6,8.0,7.57,7.99,660800,AGR
1530,2023-02-21,7.99,8.1,7.9,7.9,497700,AGR
1531,2023-02-22,7.7,7.84,7.61,7.61,450100,AGR
1532,2023-02-23,7.61,7.61,7.41,7.61,463500,AGR
1533,2023-02-24,7.65,7.65,7.45,7.47,256900,AGR
1534,2023-02-27,7.47,7.52,7.37,7.42,384600,AGR
1535,2023-02-28,7.52,7.61,7.32,7.43,195700,AGR
1536,2023-03-01,7.42,7.61,7.39,7.61,334800,AGR
1537,2023-03-02,7.71,7.71,7.52,7.57,138600,AGR
1538,2023-03-03,7.62,7.63,7.44,7.44,178000,AGR
1539,2023-03-06,7.47,7.61,7.47,7.52,165400,AGR
1540,2023-03-07,7.42,7.61,7.42,7.52,425300,AGR
1541,2023-03-08,7.43,7.58,7.43,7.58,218700,AGR
1542,2023-03-09,7.62,7.66,7.58,7.66,482500,AGR
1543,2023-03-10,7.61,7.66,7.56,7.58,212900,AGR
1544,2023-03-13,7.37,7.52,7.37,7.48,270000,AGR
1545,2023-03-14,7.49,7.52,7.24,7.32,394200,AGR
1546,2023-03-15,7.52,7.84,7.44,7.84,1344800,AGR
1547,2023-03-16,7.85,7.86,7.71,7.81,846700,AGR
1548,2023-03-17,8.0,8.0,7.79,7.8,531600,AGR
1549,2023-03-20,7.79,7.84,7.61,7.61,478200,AGR
1550,2023-03-21,7.7,7.74,7.6,7.74,257900,AGR
1551,2023-03-22,7.81,7.81,7.72,7.72,288100,AGR
1552,2023-03-23,7.69,7.84,7.61,7.84,484900,AGR
1553,2023-03-24,7.91,8.0,7.88,7.89,725300,AGR
1554,2023-03-27,7.95,8.29,7.85,8.24,1625500,AGR
1555,2023-03-28,8.29,8.34,8.14,8.14,776900,AGR
1556,2023-03-29,8.19,8.38,8.1,8.29,1052600,AGR
1557,2023-03-30,8.87,8.87,8.48,8.53,1945500,AGR
1558,2023-03-31,8.57,9.06,8.49,9.05,2649000,AGR
1559,2023-04-03,9.44,9.44,9.31,9.39,1575500,AGR
1560,2023-04-04,9.4,9.58,9.25,9.54,1990200,AGR
1561,2023-04-05,9.61,9.83,9.52,9.78,1868500,AGR
1562,2023-04-06,9.83,10.02,9.25,9.4,2081900,AGR
1563,2023-04-07,9.35,9.69,9.2,9.63,1688300,AGR
1564,2023-04-10,10.02,10.12,9.64,9.73,1457500,AGR
1565,2023-04-11,9.73,9.78,9.45,9.73,1295300,AGR
1566,2023-04-12,9.73,9.83,9.44,9.45,1527000,AGR
1567,2023-04-13,9.38,9.53,9.24,9.25,1140700,AGR
1568,2023-04-14,9.26,9.41,9.14,9.25,974900,AGR
1569,2023-04-17,9.17,9.43,9.14,9.43,761300,AGR
1570,2023-04-18,9.37,9.78,9.35,9.69,1538300,AGR
1571,2023-04-19,9.88,10.41,9.83,10.41,5126200,AGR
1572,2023-04-20,10.7,10.84,10.41,10.6,2321800,AGR
1573,2023-04-21,10.6,11.28,10.55,11.23,3709800,AGR
1574,2023-04-24,11.47,11.9,11.08,11.47,3040700,AGR
1575,2023-04-25,11.56,11.85,10.89,10.94,3163800,AGR
1576,2023-04-26,10.89,11.47,10.65,11.28,1755800,AGR
1577,2023-04-27,11.13,11.32,11.03,11.08,1069700,AGR
1578,2023-04-28,11.23,11.28,10.84,11.13,1526200,AGR
1579,2023-05-04,10.94,11.85,10.94,11.66,2632400,AGR
1580,2023-05-05,11.85,12.05,11.42,11.71,1674300,AGR
1581,2023-05-08,11.9,12.1,11.71,11.81,1839800,AGR
1582,2023-05-09,11.76,11.9,11.47,11.76,1120900,AGR
1583,2023-05-10,11.76,12.05,11.56,11.81,2179000,AGR
1584,2023-05-11,11.76,11.95,11.56,11.76,1681700,AGR
1585,2023-05-12,11.66,12.0,11.52,11.9,1799600,AGR
1586,2023-05-15,12.14,12.34,11.85,11.85,1685700,AGR
1587,2023-05-16,11.85,12.0,11.71,11.76,1042700,AGR
1588,2023-05-17,11.76,12.1,11.66,11.66,2103200,AGR
1589,2023-05-18,11.81,12.24,11.71,11.95,2369400,AGR
1590,2023-05-19,12.0,12.24,11.71,12.05,1319900,AGR
1591,2023-05-22,12.14,12.29,12.0,12.1,1473100,AGR
1592,2023-05-23,12.14,12.34,11.9,12.0,1568800,AGR
1593,2023-05-24,12.14,12.77,11.95,12.58,3178800,AGR
1594,2023-05-25,12.63,12.67,12.14,12.24,1627200,AGR
1595,2023-05-26,12.24,12.38,12.14,12.24,1467800,AGR
1596,2023-05-29,12.29,12.63,12.29,12.53,1458100,AGR
1597,2023-05-30,12.63,13.01,12.34,12.67,2173000,AGR
1598,2023-05-31,12.67,12.82,12.43,12.53,1630400,AGR
1599,2023-06-01,12.67,12.82,12.34,12.53,1876800,AGR
1600,2023-06-02,12.77,12.77,12.53,12.63,1687200,AGR
1601,2023-06-05,13.01,13.11,12.58,12.63,1803200,AGR
1602,2023-06-06,12.63,13.01,12.38,12.87,1907100,AGR
1603,2023-06-07,12.91,12.96,12.58,12.77,2050100,AGR
1604,2023-06-08,12.77,12.77,12.1,12.1,2855800,AGR
1605,2023-06-09,12.14,12.34,11.66,12.34,2214800,AGR
1606,2023-06-12,12.43,12.43,11.9,12.14,1357100,AGR
1607,2023-06-13,12.19,12.48,12.14,12.34,1490000,AGR
1608,2023-06-14,12.43,12.48,12.24,12.24,1202400,AGR
1609,2023-06-15,12.24,12.24,11.95,12.14,1053500,AGR
1610,2023-06-16,12.34,12.87,12.34,12.38,3442100,AGR
1611,2023-06-19,12.53,12.53,12.24,12.43,930200,AGR
1612,2023-06-20,12.48,12.63,12.38,12.63,1539500,AGR
1613,2023-06-21,12.82,13.49,12.77,13.49,3770800,AGR
1614,2023-06-22,13.97,14.12,13.69,13.78,3909500,AGR
1615,2023-06-23,13.83,14.7,13.54,14.41,3188500,AGR
1616,2023-06-26,14.41,14.46,13.49,14.46,3373600,AGR
1617,2023-06-27,14.65,14.65,14.17,14.36,1507100,AGR
1618,2023-06-28,14.36,14.41,14.07,14.22,1820300,AGR
1619,2023-06-29,14.02,14.12,13.49,13.49,2455800,AGR
1620,2023-06-30,13.69,13.83,13.35,13.64,1586900,AGR
1621,2023-07-03,13.93,13.93,13.59,13.69,719500,AGR
1622,2023-07-04,13.69,14.46,13.64,14.46,2497300,AGR
1623,2023-07-05,14.55,14.6,14.12,14.12,1505700,AGR
1624,2023-07-06,14.17,14.46,13.69,14.12,2879400,AGR
1625,2023-07-07,13.97,14.26,13.78,14.26,1035600,AGR
1626,2023-07-10,14.31,14.65,14.31,14.5,2109200,AGR
1627,2023-07-11,14.65,14.75,14.31,14.41,2272000,AGR
1628,2023-07-12,14.46,14.89,14.41,14.6,2314600,AGR
1629,2023-07-13,14.75,14.75,14.6,14.65,1114700,AGR
1630,2023-07-14,14.79,14.79,14.26,14.65,3030500,AGR
1631,2023-07-17,14.7,14.89,14.55,14.75,1742600,AGR
1632,2023-07-18,14.75,14.84,14.55,14.55,1317800,AGR
1633,2023-07-19,14.65,14.7,14.41,14.41,2494300,AGR
1634,2023-07-20,14.41,14.46,14.07,14.46,2378500,AGR
1635,2023-07-21,14.65,15.08,14.31,15.03,4217800,AGR
1636,2023-07-24,15.28,15.37,14.84,15.08,2205000,AGR
1637,2023-07-25,15.13,15.13,14.79,14.84,2125800,AGR
1638,2023-07-26,14.79,14.99,14.6,14.75,1904700,AGR
1639,2023-07-27,14.75,14.89,14.55,14.6,2308700,AGR
1640,2023-07-28,14.65,15.08,14.65,14.99,2514700,AGR
1641,2023-07-31,15.18,15.28,14.84,15.03,1743400,AGR
1642,2023-08-01,15.18,15.18,14.65,14.65,1991800,AGR
1643,2023-08-02,14.55,14.75,14.55,14.7,1333600,AGR
1644,2023-08-03,14.75,15.08,14.6,14.84,1989200,AGR
1645,2023-08-04,14.94,15.13,14.75,15.08,2080300,AGR
1646,2023-08-07,15.42,15.71,15.23,15.56,2792800,AGR
1647,2023-08-08,15.56,15.66,15.28,15.37,1407400,AGR
1648,2023-08-09,15.23,15.32,14.99,15.08,1908300,AGR
1649,2023-08-10,14.99,15.23,14.99,14.99,1759700,AGR
1650,2023-08-11,14.99,15.56,14.94,15.42,2877100,AGR
1651,2023-08-14,15.71,16.09,15.37,15.9,2722600,AGR
1652,2023-08-15,15.95,15.95,15.61,15.66,1368800,AGR
1653,2023-08-16,15.56,15.71,15.42,15.61,1634100,AGR
1654,2023-08-17,15.71,16.29,15.56,15.81,2668000,AGR
1655,2023-08-18,15.71,15.76,14.75,14.75,3377000,AGR
1656,2023-08-21,14.75,14.94,14.17,14.46,1714300,AGR
1657,2023-08-22,14.55,14.7,13.44,14.65,3174500,AGR
1658,2023-08-23,14.94,14.94,14.41,14.46,921300,AGR
1659,2023-08-24,14.55,14.89,14.26,14.89,1647500,AGR
1660,2023-08-25,14.99,15.37,14.89,15.13,2059700,AGR
1661,2023-08-28,15.23,15.52,15.13,15.47,2006100,AGR
1662,2023-08-29,15.66,16.09,15.52,15.9,3059500,AGR
1663,2023-08-30,15.81,16.87,15.81,16.67,4117300,AGR
1664,2023-08-31,16.67,17.25,16.58,16.72,2059300,AGR
1665,2023-09-05,17.06,17.06,16.53,16.72,1923400,AGR
1666,2023-09-06,16.87,17.54,16.48,17.11,2545700,AGR
1667,2023-09-07,17.15,17.3,16.96,17.15,1756900,AGR
1668,2023-09-08,17.15,17.3,16.87,17.06,1450600,AGR
1669,2023-09-11,17.35,17.97,17.2,17.25,3662800,AGR
1670,2023-09-12,17.4,18.46,17.2,18.46,3678900,AGR
1671,2023-09-13,18.79,19.32,18.21,18.5,3048700,AGR
1672,2023-09-14,18.6,19.27,18.41,18.99,2826700,AGR
1673,2023-09-15,18.89,18.99,18.21,18.55,2551400,AGR
1674,2023-09-18,18.31,18.99,18.07,18.7,1766500,AGR
1675,2023-09-19,18.74,18.94,18.17,18.7,1531300,AGR
1676,2023-09-20,18.89,19.66,18.7,19.56,2555300,AGR
1677,2023-09-21,19.66,19.66,18.55,18.65,2255100,AGR
1678,2023-09-22,18.12,18.21,17.35,17.35,5305200,AGR
1679,2023-09-25,17.06,17.35,16.14,16.14,3017400,AGR
1680,2023-09-26,15.52,17.11,15.52,15.61,3957500,AGR
1681,2023-09-27,15.76,16.67,15.52,16.67,2770300,AGR
1682,2023-09-28,16.77,17.44,16.58,16.96,2819000,AGR
1683,2023-09-29,17.11,17.35,16.72,16.72,1593300,AGR
1684,2023-10-02,16.67,17.35,16.67,17.11,1629000,AGR
1685,2023-10-03,16.77,16.96,15.95,15.95,3822300,AGR
1686,2023-10-04,15.15,17.0,15.15,16.5,2532200,AGR
1687,2023-10-05,16.65,16.85,15.55,15.8,1615100,AGR
1688,2023-10-06,15.75,16.5,15.35,16.1,1675100,AGR
1689,2023-10-09,16.15,16.5,16.1,16.3,1565500,AGR
1690,2023-10-10,16.7,16.8,16.5,16.55,2502400,AGR
1691,2023-10-11,16.7,17.5,16.5,17.5,2765100,AGR
1692,2023-10-12,17.7,17.75,17.2,17.3,1722300,AGR
1693,2023-10-13,17.05,17.4,16.55,16.95,2383200,AGR
1694,2023-10-16,17.05,17.1,16.5,16.7,1612300,AGR
1695,2023-10-17,16.85,16.9,15.55,15.55,2413800,AGR
1696,2023-10-18,15.7,15.85,14.5,14.95,4257500,AGR
1697,2023-10-19,15.0,15.0,13.95,13.95,3036100,AGR
1698,2023-10-20,13.95,14.7,13.1,14.6,2901600,AGR
1699,2023-10-23,14.6,14.65,13.8,14.0,1693100,AGR
1700,2023-10-24,14.1,14.3,13.85,14.3,1160700,AGR
1701,2023-10-25,14.35,14.6,14.1,14.1,1345100,AGR
1702,2023-10-26,13.7,13.7,13.15,13.15,2823300,AGR
1703,2023-10-27,13.05,13.45,12.45,13.1,1484900,AGR
1704,2023-10-30,13.05,13.35,12.5,12.5,1024800,AGR
1705,2023-10-31,12.6,12.8,11.7,11.75,1822600,AGR
1706,2023-11-01,11.75,12.55,11.4,12.55,1871900,AGR
1707,2023-11-02,12.85,13.4,12.7,13.4,1847000,AGR
1708,2023-11-03,13.7,13.7,13.25,13.45,2111900,AGR
1709,2023-11-06,13.7,13.85,13.2,13.7,1061200,AGR
1710,2023-11-07,13.6,13.95,13.4,13.55,1331400,AGR
1711,2023-11-08,13.6,14.45,13.5,14.45,2663500,AGR
1712,2023-11-09,15.2,15.3,14.75,14.95,2763000,AGR
1713,2023-11-10,14.55,15.5,14.55,14.9,2571500,AGR
1714,2023-11-13,14.95,15.2,14.6,14.8,1725500,AGR
1715,2023-11-14,15.2,15.35,14.9,14.95,2247800,AGR
1716,2023-11-15,15.45,15.6,15.0,15.0,2195400,AGR
1717,2023-11-16,15.0,15.45,14.85,15.45,1492000,AGR
1718,2023-11-17,15.45,15.55,14.8,15.0,2838100,AGR
1719,2023-11-20,14.7,15.8,14.55,15.5,2333700,AGR
1720,2023-11-21,15.75,15.9,15.5,15.65,1762800,AGR
1721,2023-11-22,15.7,15.9,15.5,15.9,1905300,AGR
1722,2023-11-23,16.2,16.2,14.8,14.8,2233100,AGR
1723,2023-11-24,15.0,15.5,14.4,15.5,3047100,AGR
1724,2023-11-27,15.4,15.5,15.1,15.15,857600,AGR
1725,2023-11-28,15.2,15.4,14.85,15.4,1413800,AGR
1726,2023-11-29,15.65,15.75,15.4,15.6,1593400,AGR
1727,2023-11-30,15.6,15.85,15.4,15.4,2129100,AGR
1728,2023-12-01,15.6,15.7,15.25,15.65,1139200,AGR
1729,2023-12-04,16.05,16.7,15.9,16.65,4041700,AGR
1730,2023-12-05,16.7,16.85,16.5,16.6,1703200,AGR
1731,2023-12-06,16.65,16.85,16.5,16.8,1770800,AGR
1732,2023-12-07,16.85,16.9,15.75,16.35,5080100,AGR
1733,2023-12-08,16.35,16.4,15.8,16.05,1288900,AGR
1734,2023-12-11,16.15,16.15,15.75,16.05,1523800,AGR
1735,2023-12-12,16.05,16.25,15.95,15.95,706200,AGR
1736,2023-12-13,16.0,16.3,15.7,15.8,1538300,AGR
1737,2023-12-14,16.1,16.1,15.7,15.85,1059500,AGR
1738,2023-12-15,15.85,16.2,15.8,15.9,1307900,AGR
1739,2023-12-18,15.9,15.9,15.55,15.7,1035900,AGR
1740,2023-12-19,15.7,15.95,15.45,15.95,953200,AGR
1741,2023-12-20,15.95,16.25,15.9,16.1,831900,AGR
1742,2023-12-21,15.9,16.1,15.8,16.05,696800,AGR
1743,2023-12-22,16.05,16.25,15.8,15.95,1237400,AGR
1744,2023-12-25,15.8,16.1,15.6,15.9,1901200,AGR
1745,2023-12-26,15.95,16.1,15.85,16.0,796300,AGR
1746,2023-12-27,16.05,16.3,16.0,16.2,1467900,AGR
1747,2023-12-28,16.15,16.2,16.05,16.1,969100,AGR
1748,2023-12-29,16.2,16.2,16.0,16.05,746600,AGR
