,Date,ACB,AGR,BID,VCB,CTG
0,2017-01-03,4710,2380.0,9800.0,23210.0,9970.0
1,2017-01-04,4740,2290.0,9990.0,23050.0,10160.0
2,2017-01-05,4740,2330.0,9960.0,23150.0,10220.0
3,2017-01-06,4990,2320.0,10180.0,23610.0,10310.0
4,2017-01-09,5160,2350.0,10480.0,24110.0,10590.0
5,2017-01-10,5210,2420.0,10410.0,23930.0,10470.0
6,2017-01-11,5350,2430.0,10730.0,23960.0,10960.0
7,2017-01-12,5350,2430.0,10670.0,23610.0,10900.0
8,2017-01-13,5330,2430.0,10510.0,23330.0,10710.0
9,2017-01-16,5400,2410.0,10220.0,23270.0,10650.0
10,2017-01-17,5710,2400.0,10860.0,24270.0,11390.0
11,2017-01-18,5730,2400.0,10640.0,23860.0,11160.0
12,2017-01-19,5710,2470.0,10640.0,23680.0,11390.0
13,2017-01-20,5730,2500.0,10770.0,23680.0,11550.0
14,2017-01-23,5680,2560.0,10900.0,23740.0,11810.0
15,2017-01-24,5830,2570.0,10990.0,24050.0,11970.0
16,2017-01-25,5860,2740.0,10930.0,24490.0,11970.0
17,2017-02-02,5910,2930.0,11120.0,24580.0,12070.0
18,2017-02-03,6010,3040.0,11120.0,24110.0,11910.0
19,2017-02-06,5860,3060.0,11120.0,24110.0,11810.0
20,2017-02-07,5880,3000.0,11060.0,24460.0,11710.0
21,2017-02-08,5880,3010.0,10990.0,24770.0,11520.0
22,2017-02-09,5880,3220.0,10900.0,24740.0,11650.0
23,2017-02-10,5930,3360.0,11060.0,24490.0,11970.0
24,2017-02-13,5830,3590.0,10900.0,24210.0,11940.0
25,2017-02-14,5830,3590.0,10990.0,24110.0,12040.0
26,2017-02-15,5780,3650.0,11220.0,24300.0,12460.0
27,2017-02-16,5630,3400.0,10990.0,24050.0,12460.0
28,2017-02-17,5630,3230.0,10930.0,23860.0,12200.0
29,2017-02-20,5630,3210.0,10730.0,23650.0,11940.0
30,2017-02-21,5630,3320.0,10800.0,23930.0,11810.0
31,2017-02-22,5610,3130.0,10730.0,23610.0,11620.0
32,2017-02-23,5610,2990.0,10770.0,23430.0,11550.0
33,2017-02-24,5630,2790.0,10770.0,23330.0,11650.0
34,2017-02-27,5680,2990.0,10800.0,23800.0,11810.0
35,2017-02-28,5680,3200.0,10640.0,23300.0,11780.0
36,2017-03-01,5610,3040.0,10540.0,23180.0,11620.0
37,2017-03-02,5580,3040.0,10380.0,22990.0,11580.0
38,2017-03-03,5660,2940.0,10610.0,23360.0,11810.0
39,2017-03-06,5610,3070.0,10730.0,23240.0,11870.0
40,2017-03-07,5580,3070.0,10670.0,23360.0,11810.0
41,2017-03-08,5780,3050.0,10730.0,23490.0,11840.0
42,2017-03-09,5810,2990.0,10860.0,23550.0,11870.0
43,2017-03-10,5880,3050.0,10700.0,23360.0,11750.0
44,2017-03-13,5680,3020.0,10670.0,23080.0,11580.0
45,2017-03-14,5660,3030.0,10610.0,23080.0,11550.0
46,2017-03-15,5730,2950.0,10640.0,23020.0,11490.0
47,2017-03-16,5760,3130.0,10570.0,23120.0,11520.0
48,2017-03-17,5810,3200.0,10800.0,23050.0,11650.0
49,2017-03-20,5930,3320.0,10830.0,23400.0,11810.0
50,2017-03-21,6200,3360.0,11250.0,23680.0,11940.0
51,2017-03-22,6200,3590.0,11250.0,23490.0,11840.0
52,2017-03-23,6170,3850.0,11280.0,23830.0,11940.0
53,2017-03-24,6320,4110.0,11580.0,23680.0,12070.0
54,2017-03-27,6250,3830.0,11480.0,23550.0,12130.0
55,2017-03-28,6120,3720.0,11250.0,23300.0,11940.0
56,2017-03-29,6110,3470.0,11250.0,23240.0,11840.0
57,2017-03-30,6120,3690.0,11480.0,23180.0,11840.0
58,2017-03-31,6080,3510.0,11350.0,22990.0,11680.0
59,2017-04-03,6200,3400.0,11090.0,22680.0,11620.0
60,2017-04-04,6270,3550.0,11120.0,22930.0,11580.0
61,2017-04-05,6250,3530.0,11090.0,22960.0,11620.0
62,2017-04-07,6150,3450.0,11060.0,22930.0,11620.0
63,2017-04-10,6060,3240.0,10990.0,22870.0,11550.0
64,2017-04-11,5880,3360.0,10990.0,22990.0,11680.0
65,2017-04-12,5730,3310.0,10990.0,22930.0,11490.0
66,2017-04-13,5710,3250.0,10930.0,22900.0,11450.0
67,2017-04-14,5680,3230.0,11030.0,22650.0,11290.0
68,2017-04-17,5580,3260.0,10610.0,22120.0,10970.0
69,2017-04-18,5680,3240.0,10670.0,22340.0,11160.0
70,2017-04-19,5630,3450.0,10540.0,22370.0,11160.0
71,2017-04-20,5630,3360.0,10730.0,22060.0,11230.0
72,2017-04-21,5630,3320.0,10700.0,22120.0,11040.0
73,2017-04-24,5580,3310.0,10570.0,21870.0,10970.0
74,2017-04-25,5480,3280.0,10570.0,21870.0,11040.0
75,2017-04-26,5630,3240.0,10670.0,21840.0,11100.0
76,2017-04-27,5630,3300.0,10730.0,21710.0,11160.0
77,2017-04-28,5760,3280.0,10730.0,21870.0,11200.0
78,2017-05-03,5910,3290.0,10730.0,22120.0,11290.0
79,2017-05-04,5910,3400.0,10860.0,22620.0,11490.0
80,2017-05-05,5830,3340.0,10700.0,22490.0,11450.0
81,2017-05-08,5730,3310.0,10670.0,22270.0,11450.0
82,2017-05-09,5880,3360.0,10730.0,22710.0,11580.0
83,2017-05-10,5880,3370.0,11060.0,22900.0,11810.0
84,2017-05-11,5810,3330.0,10990.0,22930.0,11680.0
85,2017-05-12,5860,3280.0,10960.0,22710.0,11710.0
86,2017-05-15,5830,3330.0,10930.0,22620.0,11680.0
87,2017-05-16,5930,3380.0,10930.0,22460.0,11490.0
88,2017-05-17,6060,3350.0,10800.0,22550.0,11450.0
89,2017-05-18,6080,3280.0,10860.0,22650.0,11580.0
90,2017-05-19,6120,3340.0,11120.0,22900.0,11750.0
91,2017-05-22,6220,3380.0,11900.0,23360.0,12390.0
92,2017-05-23,6080,3320.0,12000.0,23180.0,12070.0
93,2017-05-24,6250,3310.0,12450.0,23520.0,12420.0
94,2017-05-25,6220,3310.0,12350.0,23120.0,12200.0
95,2017-05-26,6200,3310.0,12610.0,22870.0,12200.0
96,2017-05-29,6220,3290.0,12290.0,22680.0,12620.0
97,2017-05-30,6200,3250.0,11870.0,22620.0,12200.0
98,2017-05-31,6200,3230.0,11930.0,22550.0,12130.0
99,2017-06-01,6150,3270.0,11830.0,22620.0,12040.0
100,2017-06-02,6120,3270.0,11800.0,22620.0,12070.0
101,2017-06-05,6150,3220.0,12090.0,23180.0,12130.0
102,2017-06-06,6270,3200.0,12550.0,24080.0,12390.0
103,2017-06-07,6550,3180.0,12550.0,23860.0,12840.0
104,2017-06-08,6470,3290.0,12350.0,23610.0,12620.0
105,2017-06-09,6500,3210.0,12190.0,23930.0,12520.0
106,2017-06-12,6450,3180.0,12250.0,23890.0,12580.0
107,2017-06-13,6570,3190.0,12610.0,24020.0,12780.0
108,2017-06-14,6620,3400.0,12930.0,24420.0,13070.0
109,2017-06-15,6550,3460.0,12800.0,24610.0,13200.0
110,2017-06-16,6550,3490.0,12770.0,24610.0,13170.0
111,2017-06-19,6600,3450.0,12930.0,24740.0,13360.0
112,2017-06-20,6650,3410.0,13290.0,24610.0,13490.0
113,2017-06-21,6520,3360.0,13130.0,24080.0,13070.0
114,2017-06-22,6470,3590.0,12840.0,23740.0,12870.0
115,2017-06-23,6370,3690.0,12870.0,23740.0,12910.0
116,2017-06-26,6470,3700.0,13060.0,23990.0,13070.0
117,2017-06-27,6420,3570.0,12870.0,23830.0,12910.0
118,2017-06-28,6400,3600.0,12900.0,23710.0,13000.0
119,2017-06-29,6450,3710.0,13130.0,23800.0,13000.0
120,2017-06-30,6420,3660.0,13190.0,23990.0,13070.0
121,2017-07-03,6550,3590.0,13390.0,24240.0,13330.0
122,2017-07-04,6500,3700.0,13130.0,24110.0,13130.0
123,2017-07-05,6570,3950.0,13190.0,24210.0,13170.0
124,2017-07-06,6570,4230.0,13130.0,24520.0,13070.0
125,2017-07-07,6570,3950.0,13060.0,24110.0,12840.0
126,2017-07-10,6420,3850.0,12740.0,23740.0,12650.0
127,2017-07-11,6420,3850.0,12740.0,23860.0,12650.0
128,2017-07-12,6420,3930.0,12480.0,23680.0,12580.0
129,2017-07-13,6420,4040.0,12640.0,23800.0,12710.0
130,2017-07-14,6400,4000.0,12480.0,23830.0,12490.0
131,2017-07-17,6170,3900.0,12220.0,23490.0,12130.0
132,2017-07-18,6220,3890.0,12250.0,23520.0,12000.0
133,2017-07-19,6220,4150.0,12320.0,23430.0,12200.0
134,2017-07-20,6250,4440.0,12670.0,23330.0,12260.0
135,2017-07-21,6200,4220.0,12450.0,23050.0,12000.0
136,2017-07-24,6120,4130.0,12550.0,23240.0,12000.0
137,2017-07-25,6220,4200.0,13260.0,23240.0,12330.0
138,2017-07-26,6350,4200.0,13320.0,23300.0,12550.0
139,2017-07-27,6300,4220.0,13390.0,23270.0,12460.0
140,2017-07-28,6400,4370.0,13580.0,23360.0,12580.0
141,2017-07-31,6450,4510.0,14360.0,23520.0,13170.0
142,2017-08-01,6470,4830.0,14360.0,23930.0,12910.0
143,2017-08-02,6470,5070.0,14520.0,23740.0,13000.0
144,2017-08-03,6450,5180.0,14810.0,23860.0,13000.0
145,2017-08-04,6400,5410.0,14490.0,23710.0,12870.0
146,2017-08-07,6450,5770.0,14550.0,23710.0,12870.0
147,2017-08-08,6500,6180.0,14610.0,23930.0,12680.0
148,2017-08-09,6400,6340.0,13610.0,23550.0,12130.0
149,2017-08-10,6350,5910.0,13550.0,23490.0,11970.0
150,2017-08-11,6350,5500.0,13550.0,23330.0,12260.0
151,2017-08-14,6420,5700.0,13880.0,23460.0,12420.0
152,2017-08-15,6450,5980.0,13550.0,23240.0,12290.0
153,2017-08-16,6470,5650.0,13350.0,23360.0,12200.0
154,2017-08-17,6400,5410.0,12810.0,23240.0,11970.0
155,2017-08-18,6420,5450.0,13180.0,23360.0,12000.0
156,2017-08-21,6550,5370.0,13110.0,23300.0,11970.0
157,2017-08-22,6550,5140.0,12780.0,22990.0,11780.0
158,2017-08-23,6600,5170.0,12950.0,23050.0,11780.0
159,2017-08-24,6850,5280.0,13210.0,23080.0,12200.0
160,2017-08-25,6900,5460.0,13180.0,23150.0,12160.0
161,2017-08-28,7130,5410.0,13110.0,23330.0,12160.0
162,2017-08-29,7150,5270.0,13110.0,23050.0,12070.0
163,2017-08-30,7130,5210.0,12910.0,23050.0,11970.0
164,2017-08-31,7180,5290.0,13810.0,23120.0,12290.0
165,2017-09-01,7150,5330.0,14050.0,23330.0,12290.0
166,2017-09-05,7250,5450.0,13980.0,23770.0,12200.0
167,2017-09-06,7230,5360.0,13750.0,23680.0,12100.0
168,2017-09-07,7150,5360.0,13910.0,23490.0,12200.0
169,2017-09-08,7030,5280.0,13580.0,23490.0,12100.0
170,2017-09-11,6870,5230.0,13480.0,23490.0,11970.0
171,2017-09-12,6950,5320.0,13680.0,23710.0,12040.0
172,2017-09-13,7100,5320.0,13680.0,23710.0,12000.0
173,2017-09-14,7050,5600.0,13780.0,23860.0,12100.0
174,2017-09-15,7030,5580.0,13610.0,23680.0,12070.0
175,2017-09-18,7050,5830.0,13680.0,23430.0,12360.0
176,2017-09-19,7030,5700.0,13780.0,23300.0,12460.0
177,2017-09-20,7030,5750.0,13680.0,23550.0,12580.0
178,2017-09-21,7100,5720.0,13910.0,23580.0,12780.0
179,2017-09-22,7300,5720.0,13750.0,23460.0,12620.0
180,2017-09-25,7530,5500.0,13610.0,23360.0,12520.0
181,2017-09-26,7650,5650.0,13610.0,23460.0,12550.0
182,2017-09-27,7530,5600.0,13480.0,23490.0,12550.0
183,2017-09-28,7580,5430.0,13110.0,23710.0,12350.0
184,2017-09-29,7650,5440.0,13080.0,23940.0,12350.0
185,2017-10-02,7600,5390.0,13150.0,23970.0,12320.0
186,2017-10-03,7580,5250.0,13250.0,23940.0,12280.0
187,2017-10-04,7730,5400.0,13380.0,24700.0,12550.0
188,2017-10-05,7630,5440.0,13280.0,24640.0,12620.0
189,2017-10-06,7830,5400.0,13310.0,24860.0,12750.0
190,2017-10-09,7980,5410.0,13350.0,25080.0,12820.0
191,2017-10-10,7980,5340.0,13350.0,25240.0,12750.0
192,2017-10-11,8000,5380.0,13550.0,25050.0,12620.0
193,2017-10-12,7950,5380.0,13450.0,24860.0,12590.0
194,2017-10-13,8100,5380.0,13480.0,25050.0,12690.0
195,2017-10-16,8180,5320.0,13580.0,24860.0,12790.0
196,2017-10-17,8200,5310.0,14350.0,26100.0,12950.0
197,2017-10-18,8220,5210.0,14280.0,25910.0,13020.0
198,2017-10-19,8100,5270.0,14180.0,25780.0,13020.0
199,2017-10-20,7930,5160.0,14280.0,25970.0,12990.0
200,2017-10-23,7680,4870.0,13950.0,25400.0,12650.0
201,2017-10-24,7780,4840.0,13850.0,25460.0,12590.0
202,2017-10-25,7980,4880.0,14010.0,25940.0,12750.0
203,2017-10-26,7880,4710.0,13810.0,25840.0,12550.0
204,2017-10-27,7980,4550.0,14150.0,26740.0,12750.0
205,2017-10-30,7830,4430.0,14580.0,26670.0,12650.0
206,2017-10-31,7650,4350.0,14580.0,26350.0,12520.0
207,2017-11-01,7680,4380.0,14950.0,26480.0,12550.0
208,2017-11-02,7450,4360.0,14610.0,26160.0,12350.0
209,2017-11-03,7600,4370.0,14950.0,26670.0,12520.0
210,2017-11-06,7700,4390.0,15250.0,27050.0,12950.0
211,2017-11-07,7700,4370.0,15250.0,27020.0,13020.0
212,2017-11-08,7850,4320.0,15880.0,27750.0,13290.0
213,2017-11-09,7880,4280.0,15680.0,27440.0,13150.0
214,2017-11-10,8000,4300.0,15750.0,27440.0,13620.0
215,2017-11-13,7950,4390.0,15980.0,27630.0,13620.0
216,2017-11-14,8050,4380.0,16219.0,27880.0,13950.0
217,2017-11-15,8130,4390.0,16149.0,27750.0,13890.0
218,2017-11-16,8270,4680.0,16120.0,28450.0,14020.0
219,2017-11-17,8270,5010.0,16050.0,28260.0,13750.0
220,2017-11-20,8200,5010.0,16020.0,28650.0,13890.0
221,2017-11-21,8200,4970.0,16050.0,29730.0,14150.0
222,2017-11-22,8470,4960.0,17150.0,30560.0,15120.0
223,2017-11-23,8500,5120.0,16880.0,30490.0,15820.0
224,2017-11-24,8520,5120.0,16880.0,30170.0,15620.0
225,2017-11-27,8550,5290.0,16820.0,30490.0,15620.0
226,2017-11-28,8500,5280.0,16680.0,30680.0,15420.0
227,2017-11-29,8620,5190.0,17080.0,31190.0,16090.0
228,2017-11-30,8720,5270.0,17120.0,30870.0,16219.0
229,2017-12-01,8800,5210.0,17020.0,30750.0,16059.0
230,2017-12-04,9120,5320.0,17020.0,31450.0,16190.0
231,2017-12-05,8750,5400.0,16620.0,30620.0,15690.0
232,2017-12-06,8720,5330.0,16580.0,30560.0,15690.0
233,2017-12-07,9050,5360.0,16680.0,30300.0,15560.0
234,2017-12-08,9000,5210.0,16680.0,29950.0,15360.0
235,2017-12-11,8850,5080.0,16020.0,28390.0,14290.0
236,2017-12-12,8650,5080.0,16079.0,28450.0,14290.0
237,2017-12-13,8450,5060.0,15950.0,28010.0,13920.0
238,2017-12-14,8550,5120.0,16320.0,28840.0,14690.0
239,2017-12-15,8550,5200.0,16219.0,29280.0,14620.0
240,2017-12-18,8770,5340.0,16250.0,30430.0,15020.0
241,2017-12-19,8700,5240.0,16079.0,30400.0,14720.0
242,2017-12-20,8700,5240.0,16350.0,31190.0,14990.0
243,2017-12-21,8670,5190.0,16149.0,30870.0,14760.0
244,2017-12-22,8650,5190.0,15920.0,32340.0,14890.0
245,2017-12-25,8620,5090.0,15880.0,32720.0,14820.0
246,2017-12-26,8670,5220.0,16079.0,32720.0,15460.0
247,2017-12-27,9120,5210.0,16280.0,33420.0,15560.0
248,2017-12-28,9200,5380.0,16520.0,34440.0,16190.0
249,2017-12-29,9220,5740.0,17020.0,34570.0,16160.0
250,2018-01-02,9700,5840.0,18020.0,35010.0,16660.0
251,2018-01-03,9670,5680.0,17880.0,34950.0,16560.0
252,2018-01-04,9700,5690.0,18390.0,35270.0,17160.0
253,2018-01-05,9700,5600.0,18280.0,34380.0,16760.0
254,2018-01-08,10020,5490.0,18590.0,35270.0,17160.0
255,2018-01-09,10070,5590.0,18280.0,37240.0,17160.0
256,2018-01-10,9950,5590.0,18320.0,36920.0,17030.0
257,2018-01-11,10000,5540.0,18420.0,37430.0,17130.0
258,2018-01-12,9770,5600.0,18180.0,36920.0,17090.0
259,2018-01-15,9750,5880.0,18220.0,38190.0,17430.0
260,2018-01-16,9700,5810.0,18490.0,38190.0,17760.0
261,2018-01-17,9750,5560.0,18020.0,35780.0,16830.0
262,2018-01-18,9870,5600.0,18080.0,37240.0,17030.0
263,2018-01-19,9870,5500.0,17950.0,38830.0,16890.0
264,2018-01-22,10050,5620.0,18990.0,40300.0,17190.0
265,2018-01-23,10350,5620.0,18990.0,40300.0,17190.0
266,2018-01-24,10270,5620.0,18990.0,40300.0,17190.0
267,2018-01-25,10450,5720.0,20290.0,43100.0,17860.0
268,2018-01-26,10530,5690.0,21690.0,43990.0,18230.0
269,2018-01-29,10500,5700.0,23090.0,43290.0,18890.0
270,2018-01-30,10400,6090.0,24020.0,42650.0,18730.0
271,2018-01-31,10420,5980.0,22820.0,42400.0,18160.0
272,2018-02-01,10250,5700.0,22490.0,42400.0,18190.0
273,2018-02-02,10370,5640.0,22490.0,42910.0,18690.0
274,2018-02-05,10000,5550.0,20920.0,39910.0,17390.0
275,2018-02-06,9720,5210.0,19490.0,39470.0,16260.0
276,2018-02-07,10170,5400.0,20820.0,40420.0,17190.0
277,2018-02-08,9870,5280.0,21490.0,40040.0,16360.0
278,2018-02-09,9970,5210.0,21550.0,38770.0,16360.0
279,2018-02-12,10500,5300.0,23060.0,40420.0,17490.0
280,2018-02-13,10930,5580.0,23620.0,40740.0,18160.0
281,2018-02-21,11130,5590.0,24960.0,42140.0,18590.0
282,2018-02-22,11050,5410.0,24560.0,42520.0,19130.0
283,2018-02-23,11180,5420.0,24760.0,45450.0,20300.0
284,2018-02-26,11330,5310.0,25430.0,45770.0,20500.0
285,2018-02-27,11590,5330.0,25460.0,46600.0,21430.0
286,2018-02-28,11740,5340.0,26030.0,46980.0,22430.0
287,2018-03-01,11500,5410.0,25230.0,45520.0,21830.0
288,2018-03-02,11620,5330.0,25230.0,45710.0,21830.0
289,2018-03-05,11000,5310.0,23490.0,43290.0,20360.0
290,2018-03-06,11480,5370.0,25130.0,45320.0,21570.0
291,2018-03-07,11300,5500.0,25030.0,44310.0,21030.0
292,2018-03-08,11330,5500.0,24820.0,44240.0,21160.0
293,2018-03-09,11690,5450.0,24860.0,45200.0,21630.0
294,2018-03-12,12150,5330.0,25760.0,45830.0,22330.0
295,2018-03-13,12300,5330.0,26160.0,45830.0,23840.0
296,2018-03-14,12300,5270.0,26030.0,46980.0,23740.0
297,2018-03-15,12350,5240.0,27830.0,46980.0,24440.0
298,2018-03-16,12600,5280.0,28560.0,47550.0,24500.0
299,2018-03-19,12920,5260.0,27830.0,47300.0,24240.0
300,2018-03-20,13310,5250.0,28360.0,47110.0,24040.0
301,2018-03-21,13170,5220.0,29030.0,46790.0,24170.0
302,2018-03-22,12920,5210.0,29560.0,45830.0,23900.0
303,2018-03-23,12650,5120.0,28260.0,44500.0,23330.0
304,2018-03-26,13010,4940.0,29960.0,45770.0,23900.0
305,2018-03-27,13060,5040.0,29430.0,45200.0,23900.0
306,2018-03-28,12900,4980.0,29730.0,44880.0,23500.0
307,2018-03-29,12810,4930.0,29360.0,45200.0,23370.0
308,2018-03-30,12840,4950.0,28960.0,44880.0,23100.0
309,2018-04-02,13520,4940.0,30030.0,47110.0,24170.0
310,2018-04-03,13470,4920.0,30100.0,47300.0,24240.0
311,2018-04-04,13500,4920.0,29900.0,46790.0,23970.0
312,2018-04-05,13690,4850.0,29360.0,46790.0,23770.0
313,2018-04-06,13990,5060.0,29360.0,46790.0,23840.0
314,2018-04-09,14050,4980.0,29630.0,46980.0,25170.0
315,2018-04-10,13880,4930.0,30360.0,47420.0,24900.0
316,2018-04-11,13420,4860.0,29700.0,45320.0,23840.0
317,2018-04-12,13720,4930.0,29630.0,45130.0,23840.0
318,2018-04-13,13330,4820.0,28030.0,43220.0,22830.0
319,2018-04-16,13370,4820.0,26690.0,41950.0,22700.0
320,2018-04-17,13610,4820.0,27960.0,42650.0,23230.0
321,2018-04-18,13450,4690.0,26830.0,41250.0,22400.0
322,2018-04-19,13110,4460.0,25360.0,38830.0,21100.0
323,2018-04-20,13220,4600.0,26330.0,40740.0,22370.0
324,2018-04-23,12240,4460.0,24490.0,37940.0,20830.0
325,2018-04-24,12200,4390.0,25360.0,38190.0,20260.0
326,2018-04-26,11160,4090.0,24360.0,37050.0,18860.0
327,2018-04-27,11660,4130.0,24090.0,38190.0,19560.0
328,2018-05-02,11540,4070.0,22420.0,37050.0,18190.0
329,2018-05-03,11960,3790.0,22490.0,37940.0,19360.0
330,2018-05-04,11990,3840.0,21690.0,37560.0,19030.0
331,2018-05-07,12650,3850.0,23190.0,39530.0,20330.0
332,2018-05-08,12480,3850.0,23690.0,38830.0,20300.0
333,2018-05-09,12200,3800.0,23360.0,37880.0,20030.0
334,2018-05-10,11660,3700.0,21820.0,35970.0,18690.0
335,2018-05-11,12100,3800.0,22690.0,36860.0,19630.0
336,2018-05-14,12180,3800.0,22890.0,37110.0,19700.0
337,2018-05-15,12240,3800.0,23090.0,37370.0,19930.0
338,2018-05-16,11820,3780.0,22160.0,36280.0,19430.0
339,2018-05-17,11790,3700.0,22020.0,36160.0,19500.0
340,2018-05-18,11770,3760.0,21990.0,35970.0,19660.0
341,2018-05-21,11600,3700.0,21020.0,35460.0,19230.0
342,2018-05-22,11300,3440.0,19550.0,33990.0,18090.0
343,2018-05-23,11410,3440.0,20320.0,34690.0,18690.0
344,2018-05-24,11280,3360.0,19790.0,33930.0,18260.0
345,2018-05-25,11000,3310.0,18490.0,31830.0,17460.0
346,2018-05-28,9960,3070.0,17220.0,29790.0,16260.0
347,2018-05-29,10810,3110.0,18420.0,31830.0,17390.0
348,2018-05-30,10560,2990.0,18420.0,33100.0,17130.0
349,2018-05-31,11000,3080.0,19520.0,34440.0,18090.0
350,2018-06-01,11130,3090.0,19820.0,36280.0,18330.0
351,2018-06-04,11540,3310.0,20350.0,37750.0,18660.0
352,2018-06-05,11470,3460.0,20290.0,37300.0,18960.0
353,2018-06-06,11900,3480.0,21220.0,37620.0,19330.0
354,2018-06-07,11660,3510.0,20820.0,37370.0,18930.0
355,2018-06-08,11850,3430.0,21020.0,38000.0,19060.0
356,2018-06-11,11710,3400.0,20690.0,37560.0,18730.0
357,2018-06-12,11440,3320.0,19750.0,36920.0,18290.0
358,2018-06-13,11410,3350.0,19790.0,38130.0,18330.0
359,2018-06-14,11160,3230.0,18890.0,36980.0,17890.0
360,2018-06-15,11350,3320.0,19350.0,37560.0,18090.0
361,2018-06-18,10940,3360.0,18220.0,35970.0,17260.0
362,2018-06-19,10730,3150.0,17880.0,35970.0,16960.0
363,2018-06-20,10830,3310.0,18690.0,36980.0,17460.0
364,2018-06-21,10500,3320.0,17880.0,36280.0,16930.0
365,2018-06-22,10830,3320.0,18350.0,37370.0,17290.0
366,2018-06-25,10810,3340.0,18820.0,37810.0,17590.0
367,2018-06-26,10640,3320.0,18550.0,37750.0,17360.0
368,2018-06-27,10310,3310.0,17880.0,36920.0,16690.0
369,2018-06-28,9920,3280.0,17280.0,36860.0,16219.0
370,2018-06-29,9790,3290.0,17350.0,36920.0,16190.0
371,2018-07-02,9160,3230.0,16520.0,36980.0,15420.0
372,2018-07-03,8520,3010.0,15380.0,35650.0,14350.0
373,2018-07-04,8800,3110.0,15280.0,35390.0,14620.0
374,2018-07-05,8220,3010.0,14410.0,33100.0,13690.0
375,2018-07-06,9020,3110.0,15420.0,35010.0,14620.0
376,2018-07-09,9070,3110.0,15550.0,34380.0,14760.0
377,2018-07-10,9320,3120.0,15780.0,33800.0,14920.0
378,2018-07-11,8770,3040.0,14750.0,32590.0,13950.0
379,2018-07-12,9110,2990.0,15350.0,33360.0,14560.0
380,2018-07-13,9410,3020.0,15680.0,34880.0,15090.0
381,2018-07-16,9490,3230.0,16120.0,34950.0,15220.0
382,2018-07-17,9790,3280.0,16620.0,35520.0,16020.0
383,2018-07-18,9960,3410.0,17450.0,36600.0,16620.0
384,2018-07-19,9730,3400.0,17220.0,36160.0,16290.0
385,2018-07-20,10120,3410.0,16950.0,36160.0,16490.0
386,2018-07-23,9820,3180.0,16550.0,36030.0,15760.0
387,2018-07-24,9680,3350.0,16550.0,36280.0,15720.0
388,2018-07-25,9350,3590.0,15750.0,35200.0,15220.0
389,2018-07-26,9560,3620.0,16079.0,36090.0,15360.0
390,2018-07-27,9790,3630.0,16550.0,35970.0,15620.0
391,2018-07-30,9920,3750.0,17550.0,36480.0,15920.0
392,2018-07-31,9840,3680.0,17550.0,37240.0,15760.0
393,2018-08-01,9770,3600.0,17550.0,37300.0,15490.0
394,2018-08-02,9770,3550.0,17480.0,37560.0,15320.0
395,2018-08-03,9770,3590.0,17720.0,37240.0,15260.0
396,2018-08-06,9680,3700.0,17920.0,37560.0,15260.0
397,2018-08-07,9770,3610.0,18320.0,39150.0,15390.0
398,2018-08-08,10090,3650.0,19490.0,39530.0,15990.0
399,2018-08-09,10120,3780.0,19250.0,39020.0,16059.0
400,2018-08-10,10260,3780.0,19950.0,40420.0,16190.0
401,2018-08-13,10480,3770.0,20350.0,40610.0,17190.0
402,2018-08-14,10310,3720.0,20020.0,39980.0,16890.0
403,2018-08-15,10170,3590.0,19550.0,38580.0,16830.0
404,2018-08-16,10120,3590.0,20020.0,38580.0,17460.0
405,2018-08-17,10120,3600.0,20750.0,39470.0,17360.0
406,2018-08-20,10090,3550.0,20950.0,39090.0,17160.0
407,2018-08-21,10420,3600.0,22020.0,39910.0,17690.0
408,2018-08-22,10390,3570.0,21690.0,39400.0,17530.0
409,2018-08-23,10500,3540.0,22060.0,39850.0,17430.0
410,2018-08-24,10670,3540.0,22290.0,39470.0,17430.0
411,2018-08-27,10670,3500.0,22690.0,40170.0,18160.0
412,2018-08-28,10690,3520.0,22490.0,40740.0,18190.0
413,2018-08-29,10810,3500.0,22460.0,40170.0,18030.0
414,2018-08-30,10920,3540.0,23290.0,40610.0,18430.0
415,2018-08-31,10750,3540.0,22960.0,39790.0,18130.0
416,2018-09-04,10450,3510.0,21690.0,38830.0,17290.0
417,2018-09-05,10340,3440.0,22090.0,38580.0,17390.0
418,2018-09-06,10340,3420.0,21860.0,38390.0,17290.0
419,2018-09-07,10560,3370.0,22620.0,39470.0,17690.0
420,2018-09-10,10370,3410.0,22690.0,39470.0,17490.0
421,2018-09-11,10430,3430.0,23560.0,40100.0,17990.0
422,2018-09-12,10400,3440.0,23190.0,39850.0,17690.0
423,2018-09-13,10560,3470.0,23360.0,40040.0,17790.0
424,2018-09-14,10660,3410.0,23260.0,40740.0,17990.0
425,2018-09-17,10500,3380.0,22820.0,40040.0,17760.0
426,2018-09-18,10590,3390.0,23520.0,40300.0,17960.0
427,2018-09-19,10590,3390.0,23560.0,40300.0,17890.0
428,2018-09-20,10680,3400.0,23690.0,41000.0,18330.0
429,2018-09-21,10880,3600.0,23560.0,41120.0,18760.0
430,2018-09-24,10840,3650.0,23290.0,41500.0,18690.0
431,2018-09-25,10750,3720.0,23360.0,41000.0,18560.0
432,2018-09-26,10720,3650.0,23290.0,40610.0,18460.0
433,2018-09-27,10720,3640.0,23120.0,40360.0,18430.0
434,2018-09-28,10780,3760.0,23490.0,40100.0,18390.0
435,2018-10-01,10660,3800.0,23190.0,39790.0,18060.0
436,2018-10-02,10530,3750.0,24160.0,40100.0,18090.0
437,2018-10-03,10590,3700.0,24460.0,40100.0,18360.0
438,2018-10-04,10750,3650.0,24520.0,40100.0,18490.0
439,2018-10-05,10630,3600.0,23690.0,40040.0,18090.0
440,2018-10-08,10660,3570.0,24020.0,39720.0,17930.0
441,2018-10-09,10660,3520.0,24090.0,39780.0,17830.0
442,2018-10-10,10630,3510.0,23590.0,39780.0,17660.0
443,2018-10-11,9800,3280.0,21960.0,37200.0,16420.0
444,2018-10-12,10120,3320.0,22560.0,38620.0,16960.0
445,2018-10-15,9800,3350.0,21760.0,38110.0,16520.0
446,2018-10-16,9900,3440.0,22360.0,38170.0,16790.0
447,2018-10-17,9960,3460.0,23090.0,38170.0,16890.0
448,2018-10-18,9800,3400.0,23090.0,37400.0,16590.0
449,2018-10-19,9800,3360.0,23090.0,37200.0,16490.0
450,2018-10-22,9740,3360.0,23360.0,36820.0,16320.0
451,2018-10-23,9360,3270.0,23290.0,35980.0,15790.0
452,2018-10-24,9260,3220.0,21760.0,35780.0,15490.0
453,2018-10-25,9140,3120.0,20820.0,35330.0,15360.0
454,2018-10-26,8950,3110.0,20420.0,34490.0,15020.0
455,2018-10-29,8850,3110.0,19290.0,34110.0,14760.0
456,2018-10-30,9010,3100.0,18420.0,34950.0,14820.0
457,2018-10-31,9580,3160.0,19690.0,35850.0,15620.0
458,2018-11-01,9260,3130.0,20250.0,35460.0,15260.0
459,2018-11-02,9610,3200.0,21650.0,36240.0,15690.0
460,2018-11-05,9550,3130.0,21890.0,36430.0,15690.0
461,2018-11-06,9300,3170.0,21350.0,35980.0,15520.0
462,2018-11-07,9260,3170.0,21650.0,35780.0,15520.0
463,2018-11-08,9300,3160.0,21650.0,35910.0,15490.0
464,2018-11-09,9070,3170.0,21150.0,35010.0,15090.0
465,2018-11-12,9070,3160.0,21490.0,35200.0,14990.0
466,2018-11-13,8950,3130.0,20690.0,34560.0,14690.0
467,2018-11-14,8730,3120.0,20020.0,34300.0,14150.0
468,2018-11-15,8700,3060.0,20690.0,34430.0,14190.0
469,2018-11-16,9010,3090.0,21490.0,34300.0,14660.0
470,2018-11-19,9170,3090.0,21490.0,34820.0,15390.0
471,2018-11-20,9140,3090.0,21150.0,34690.0,15490.0
472,2018-11-21,9140,3110.0,21350.0,35720.0,15560.0
473,2018-11-22,9300,3080.0,21250.0,35330.0,15320.0
474,2018-11-23,9170,3110.0,21150.0,34820.0,14990.0
475,2018-11-26,9200,3130.0,21120.0,34820.0,15020.0
476,2018-11-27,9110,3130.0,20990.0,34430.0,14890.0
477,2018-11-28,9300,3150.0,21050.0,35530.0,15190.0
478,2018-11-29,9330,3160.0,20850.0,35460.0,15260.0
479,2018-11-30,9420,3170.0,20950.0,35720.0,15360.0
480,2018-12-03,9900,3230.0,22390.0,37400.0,16120.0
481,2018-12-04,9830,3230.0,22290.0,37140.0,15960.0
482,2018-12-05,9800,3250.0,22590.0,37270.0,16090.0
483,2018-12-06,9740,3220.0,22490.0,36690.0,15990.0
484,2018-12-07,9670,3270.0,22490.0,36880.0,16059.0
485,2018-12-10,9640,3260.0,22490.0,36690.0,15420.0
486,2018-12-11,9670,3240.0,22390.0,36620.0,15560.0
487,2018-12-12,9770,3240.0,23120.0,37400.0,15690.0
488,2018-12-13,9710,3220.0,22890.0,37140.0,15460.0
489,2018-12-14,9610,3180.0,22620.0,36430.0,14920.0
490,2018-12-17,9360,3180.0,22160.0,35330.0,14450.0
491,2018-12-18,9360,3110.0,22460.0,35530.0,14320.0
492,2018-12-19,9360,3110.0,22220.0,35080.0,13620.0
493,2018-12-20,9360,3160.0,22660.0,35200.0,13490.0
494,2018-12-21,9300,3130.0,22690.0,35140.0,13920.0
495,2018-12-24,9170,3060.0,22690.0,34240.0,13590.0
496,2018-12-25,9110,2960.0,21860.0,33980.0,13150.0
497,2018-12-26,9070,3150.0,21760.0,34040.0,12890.0
498,2018-12-27,9300,3260.0,22690.0,34490.0,12920.0
499,2018-12-28,9360,3250.0,22960.0,34490.0,12890.0
500,2019-01-02,9230,3210.0,22360.0,34560.0,12690.0
501,2019-01-03,8890,3180.0,21350.0,34560.0,12080.0
502,2019-01-04,8950,3130.0,21050.0,35080.0,12250.0
503,2019-01-07,9070,3230.0,21550.0,35200.0,12120.0
504,2019-01-08,9010,3230.0,21350.0,35460.0,11950.0
505,2019-01-09,9170,3180.0,22020.0,35980.0,12250.0
506,2019-01-10,9140,3250.0,21690.0,35460.0,12590.0
507,2019-01-11,9140,3240.0,21290.0,35590.0,12550.0
508,2019-01-14,9070,3260.0,21290.0,35660.0,12550.0
509,2019-01-15,9200,3300.0,21690.0,36040.0,12620.0
510,2019-01-16,9110,3320.0,21490.0,35720.0,12490.0
511,2019-01-17,9140,3280.0,21320.0,35590.0,12320.0
512,2019-01-18,9040,3210.0,21150.0,35330.0,12150.0
513,2019-01-21,9330,3270.0,21920.0,35980.0,12990.0
514,2019-01-22,9200,3230.0,21860.0,35590.0,13050.0
515,2019-01-23,9200,3220.0,21820.0,35720.0,13320.0
516,2019-01-24,9230,3180.0,21690.0,35720.0,13650.0
517,2019-01-25,9230,3220.0,21390.0,35980.0,13490.0
518,2019-01-28,9140,3270.0,21290.0,35780.0,13590.0
519,2019-01-29,9170,3280.0,21150.0,36560.0,13850.0
520,2019-01-30,9260,3230.0,21150.0,36560.0,13650.0
521,2019-01-31,9300,3280.0,21020.0,36620.0,13150.0
522,2019-02-01,9330,3300.0,21090.0,36430.0,13420.0
523,2019-02-11,9550,3320.0,21320.0,37460.0,13820.0
524,2019-02-12,9640,3320.0,21650.0,37780.0,13920.0
525,2019-02-13,9640,3320.0,21690.0,38560.0,13920.0
526,2019-02-14,9510,3320.0,21620.0,38810.0,13920.0
527,2019-02-15,9550,3320.0,22120.0,38230.0,13890.0
528,2019-02-18,9610,3320.0,22360.0,38690.0,13950.0
529,2019-02-19,9580,3320.0,21960.0,38040.0,13690.0
530,2019-02-20,9610,3320.0,22690.0,38110.0,13750.0
531,2019-02-21,9510,3320.0,22860.0,38750.0,13620.0
532,2019-02-22,9640,3310.0,22690.0,39980.0,14090.0
533,2019-02-25,9800,3280.0,22690.0,40880.0,14220.0
534,2019-02-26,9740,3310.0,22420.0,40620.0,14250.0
535,2019-02-27,9670,3320.0,22420.0,39910.0,14120.0
536,2019-02-28,9390,3280.0,21690.0,39010.0,13890.0
537,2019-03-01,9480,3320.0,21920.0,40100.0,13890.0
538,2019-03-04,9610,3310.0,22420.0,40490.0,14150.0
539,2019-03-05,9580,3340.0,23090.0,40620.0,14190.0
540,2019-03-06,9580,3370.0,23190.0,40430.0,14220.0
541,2019-03-07,9640,3450.0,23290.0,40680.0,14350.0
542,2019-03-08,9580,3390.0,22690.0,40490.0,14150.0
543,2019-03-11,9610,3380.0,22460.0,40360.0,14090.0
544,2019-03-12,9770,3380.0,23690.0,41780.0,14760.0
545,2019-03-13,9920,3390.0,23760.0,42040.0,15060.0
546,2019-03-14,9960,3360.0,24160.0,43200.0,15020.0
547,2019-03-15,10020,3360.0,24820.0,42550.0,15160.0
548,2019-03-18,10080,3590.0,24890.0,43590.0,15620.0
549,2019-03-19,9900,3850.0,24420.0,43070.0,15420.0
550,2019-03-20,9800,4000.0,24090.0,43010.0,15360.0
551,2019-03-21,9610,3760.0,23220.0,42940.0,14760.0
552,2019-03-22,9640,3790.0,23420.0,43130.0,15020.0
553,2019-03-25,9510,3980.0,23020.0,42230.0,14790.0
554,2019-03-26,9580,3940.0,22890.0,42230.0,14920.0
555,2019-03-27,9610,3890.0,23290.0,42230.0,15020.0
556,2019-03-28,9580,3870.0,23760.0,43010.0,15120.0
557,2019-03-29,9580,3890.0,23890.0,43390.0,14990.0
558,2019-04-01,9580,3820.0,23690.0,43710.0,14860.0
559,2019-04-02,9580,3800.0,23220.0,43520.0,14690.0
560,2019-04-03,9510,3700.0,23820.0,43330.0,14560.0
561,2019-04-04,9550,3750.0,23560.0,43650.0,14690.0
562,2019-04-05,9550,3740.0,23390.0,43910.0,14620.0
563,2019-04-08,9740,3750.0,23690.0,44940.0,14890.0
564,2019-04-09,9640,3750.0,23860.0,45000.0,14790.0
565,2019-04-10,9550,3740.0,23490.0,44420.0,14620.0
566,2019-04-11,9580,3740.0,23460.0,44170.0,14660.0
567,2019-04-12,9550,3990.0,23190.0,43840.0,14590.0
568,2019-04-16,9480,3890.0,23690.0,43460.0,14390.0
569,2019-04-17,9460,3900.0,23220.0,43840.0,14320.0
570,2019-04-18,9390,3810.0,23220.0,43780.0,14020.0
571,2019-04-19,9360,3870.0,23260.0,43840.0,13890.0
572,2019-04-22,9260,3780.0,22820.0,43780.0,13690.0
573,2019-04-23,9360,3780.0,22820.0,43520.0,13920.0
574,2019-04-24,9510,3760.0,23090.0,44170.0,14290.0
575,2019-04-25,9480,3740.0,23020.0,43650.0,14050.0
576,2019-04-26,9510,3700.0,23220.0,43780.0,14190.0
577,2019-05-02,9390,3600.0,23020.0,43130.0,14020.0
578,2019-05-03,9480,3590.0,22820.0,43010.0,13950.0
579,2019-05-06,9300,3500.0,22090.0,42750.0,13650.0
580,2019-05-07,9330,3420.0,22090.0,42300.0,13620.0
581,2019-05-08,9330,3480.0,21590.0,41970.0,13650.0
582,2019-05-09,9200,3370.0,20750.0,42230.0,13420.0
583,2019-05-10,9260,3500.0,21350.0,42300.0,13550.0
584,2019-05-13,9230,3470.0,21820.0,42490.0,13650.0
585,2019-05-14,9200,3510.0,21620.0,42940.0,13720.0
586,2019-05-15,9330,3510.0,21960.0,43070.0,14120.0
587,2019-05-16,9260,3480.0,21760.0,43070.0,14090.0
588,2019-05-17,9230,3440.0,21450.0,43070.0,14150.0
589,2019-05-20,9260,3590.0,21820.0,43710.0,14250.0
590,2019-05-21,9300,3520.0,22060.0,43650.0,14190.0
591,2019-05-22,9360,3520.0,22160.0,43330.0,14390.0
592,2019-05-23,9330,3540.0,22290.0,43590.0,14350.0
593,2019-05-24,9230,3490.0,21690.0,42880.0,14150.0
594,2019-05-27,9170,3460.0,21760.0,43460.0,14150.0
595,2019-05-28,9140,3450.0,21550.0,43460.0,14020.0
596,2019-05-29,9230,3430.0,21350.0,43520.0,13790.0
597,2019-05-30,9200,3400.0,21220.0,43650.0,13790.0
598,2019-05-31,9170,3400.0,21020.0,43330.0,13550.0
599,2019-06-03,9070,3380.0,20420.0,42880.0,13290.0
600,2019-06-04,9040,3350.0,21350.0,43330.0,13350.0
601,2019-06-05,9140,3400.0,20950.0,43010.0,13420.0
602,2019-06-06,9010,3400.0,20890.0,42490.0,13550.0
603,2019-06-07,9070,3420.0,21150.0,42300.0,13650.0
604,2019-06-10,9040,3410.0,21150.0,43010.0,13690.0
605,2019-06-11,9040,3450.0,21290.0,43460.0,13690.0
606,2019-06-12,9010,3690.0,21020.0,43200.0,13520.0
607,2019-06-13,9040,3590.0,21020.0,43390.0,13450.0
608,2019-06-14,9070,3620.0,21450.0,44620.0,13550.0
609,2019-06-17,9070,3620.0,21420.0,44620.0,13650.0
610,2019-06-18,9140,3680.0,21350.0,45330.0,13520.0
611,2019-06-19,9140,3700.0,21350.0,45000.0,13520.0
612,2019-06-20,9360,3740.0,21790.0,46100.0,14020.0
613,2019-06-21,9330,3760.0,21690.0,45780.0,14290.0
614,2019-06-24,9330,3600.0,21760.0,47070.0,14290.0
615,2019-06-25,9230,3590.0,21420.0,46680.0,14050.0
616,2019-06-26,9170,3650.0,21690.0,45460.0,13950.0
617,2019-06-27,9040,3680.0,21350.0,44810.0,13790.0
618,2019-06-28,9140,3690.0,21150.0,45460.0,13020.0
619,2019-07-01,9230,3800.0,21590.0,45970.0,13920.0
620,2019-07-02,9140,3840.0,21390.0,45460.0,13890.0
621,2019-07-03,9110,3800.0,21420.0,44880.0,14050.0
622,2019-07-04,9230,3890.0,21890.0,46750.0,14120.0
623,2019-07-05,9230,3900.0,21890.0,46810.0,14120.0
624,2019-07-08,9170,3900.0,21720.0,45970.0,13950.0
625,2019-07-09,9420,3920.0,21760.0,46360.0,13990.0
626,2019-07-10,9360,3880.0,21620.0,46750.0,14020.0
627,2019-07-11,9550,3910.0,22320.0,47710.0,14390.0
628,2019-07-12,9510,4059.0,22290.0,47520.0,14320.0
629,2019-07-15,9480,4080.0,22220.0,48360.0,14350.0
630,2019-07-16,9550,3980.0,23060.0,49780.0,14490.0
631,2019-07-17,9710,3910.0,23060.0,49130.0,14620.0
632,2019-07-18,9740,3870.0,23160.0,49260.0,14450.0
633,2019-07-19,9870,3930.0,23290.0,50940.0,14590.0
634,2019-07-22,9800,3940.0,23860.0,50940.0,14420.0
635,2019-07-23,9740,4050.0,23520.0,50870.0,14450.0
636,2019-07-24,9710,4090.0,22990.0,49580.0,14190.0
637,2019-07-25,9750,4130.0,23490.0,50100.0,14190.0
638,2019-07-26,9620,4110.0,23890.0,50610.0,14150.0
639,2019-07-29,9460,4030.0,23890.0,52230.0,13950.0
640,2019-07-30,9410,3940.0,23360.0,51970.0,13820.0
641,2019-07-31,9380,4010.0,23690.0,51710.0,13850.0
642,2019-08-01,9260,4030.0,23660.0,51900.0,13620.0
643,2019-08-02,9170,3920.0,23890.0,51000.0,13590.0
644,2019-08-05,9050,3970.0,23890.0,49900.0,13590.0
645,2019-08-06,8920,3890.0,23490.0,49200.0,13490.0
646,2019-08-07,8880,3980.0,23160.0,50550.0,13490.0
647,2019-08-08,9050,3970.0,23160.0,50610.0,13650.0
648,2019-08-09,9000,3970.0,23160.0,50610.0,13690.0
649,2019-08-12,9050,3940.0,23590.0,50100.0,13590.0
650,2019-08-13,9000,3930.0,23290.0,49200.0,13750.0
651,2019-08-14,8920,4100.0,23420.0,49200.0,13690.0
652,2019-08-15,8920,4080.0,23420.0,50940.0,13620.0
653,2019-08-16,9000,4170.0,24020.0,50230.0,13690.0
654,2019-08-19,9050,4460.0,24490.0,49520.0,13690.0
655,2019-08-20,9130,4630.0,24560.0,49580.0,13750.0
656,2019-08-21,9170,4630.0,25260.0,51580.0,13850.0
657,2019-08-22,9340,4580.0,25090.0,51580.0,13750.0
658,2019-08-23,9300,4550.0,25060.0,51070.0,13690.0
659,2019-08-26,9260,4740.0,25260.0,50160.0,13550.0
660,2019-08-27,9260,4890.0,25030.0,49320.0,13550.0
661,2019-08-28,9130,4920.0,25090.0,49650.0,13520.0
662,2019-08-29,9090,4700.0,25290.0,49520.0,13490.0
663,2019-08-30,9130,4740.0,25860.0,50100.0,13490.0
664,2019-09-03,9090,4540.0,25830.0,50160.0,13320.0
665,2019-09-04,9050,4670.0,25760.0,49840.0,13350.0
666,2019-09-05,9050,4650.0,25690.0,50030.0,13320.0
667,2019-09-06,9000,4650.0,25360.0,49840.0,13290.0
668,2019-09-09,9000,4650.0,25430.0,49780.0,13320.0
669,2019-09-10,8920,4650.0,25560.0,50100.0,13190.0
670,2019-09-11,8960,4530.0,25490.0,50420.0,13220.0
671,2019-09-12,9130,4530.0,25790.0,51260.0,13450.0
672,2019-09-13,9300,4580.0,26590.0,52810.0,13920.0
673,2019-09-16,9210,4450.0,26690.0,52230.0,13850.0
674,2019-09-17,9170,4370.0,27360.0,52290.0,13850.0
675,2019-09-18,9210,4300.0,27460.0,51970.0,13890.0
676,2019-09-19,9500,4360.0,27230.0,52550.0,14190.0
677,2019-09-20,9540,4260.0,26690.0,52230.0,14090.0
678,2019-09-23,9580,4059.0,26460.0,50940.0,14020.0
679,2019-09-24,9540,4030.0,26330.0,51970.0,13850.0
680,2019-09-25,9460,3990.0,26630.0,52030.0,13890.0
681,2019-09-26,9580,4190.0,26790.0,52230.0,14120.0
682,2019-09-27,9540,4200.0,26860.0,53450.0,14120.0
683,2019-09-30,9620,4320.0,26290.0,52930.0,14120.0
684,2019-10-01,9750,4270.0,26690.0,53770.0,14220.0
685,2019-10-02,9710,4200.0,26830.0,52870.0,14020.0
686,2019-10-03,9710,4160.0,27530.0,52870.0,14020.0
687,2019-10-04,9710,4150.0,27030.0,53520.0,13750.0
688,2019-10-07,9540,4160.0,26960.0,53390.0,13720.0
689,2019-10-08,9580,4120.0,27430.0,54870.0,13850.0
690,2019-10-09,9750,4120.0,27530.0,54480.0,14220.0
691,2019-10-10,9870,4110.0,27360.0,54550.0,14120.0
692,2019-10-11,9870,4070.0,27230.0,55000.0,14120.0
693,2019-10-14,10070,4050.0,27460.0,54800.0,14490.0
694,2019-10-15,10030,4050.0,27630.0,54930.0,14490.0
695,2019-10-16,10030,4059.0,27460.0,55510.0,14620.0
696,2019-10-17,10030,4030.0,27230.0,54930.0,14620.0
697,2019-10-18,9920,4070.0,26760.0,54800.0,14420.0
698,2019-10-21,9620,3990.0,26230.0,54290.0,14190.0
699,2019-10-22,9660,4010.0,26690.0,55060.0,14420.0
700,2019-10-23,9660,4010.0,26760.0,55000.0,14320.0
701,2019-10-24,9710,4010.0,26890.0,56030.0,14350.0
702,2019-10-25,9710,4120.0,26830.0,56740.0,14690.0
703,2019-10-28,9750,4080.0,27090.0,56350.0,14690.0
704,2019-10-29,9750,4010.0,27090.0,55710.0,14720.0
705,2019-10-30,9990,4000.0,26830.0,56610.0,14790.0
706,2019-10-31,9920,3990.0,27090.0,56550.0,14690.0
707,2019-11-01,9950,3990.0,27360.0,57250.0,14890.0
708,2019-11-04,10120,4000.0,28160.0,59320.0,14990.0
709,2019-11-05,10120,3980.0,28360.0,58540.0,14960.0
710,2019-11-06,10120,3980.0,28160.0,58670.0,14890.0
711,2019-11-07,10120,3910.0,28710.0,58870.0,14860.0
712,2019-11-08,10200,3910.0,28510.0,59000.0,14890.0
713,2019-11-11,10160,3930.0,28510.0,58870.0,14660.0
714,2019-11-12,10160,3940.0,29060.0,59120.0,14690.0
715,2019-11-13,10280,3900.0,29610.0,58350.0,14590.0
716,2019-11-14,10070,3910.0,29330.0,58610.0,14420.0
717,2019-11-15,10030,3870.0,28990.0,57840.0,14490.0
718,2019-11-18,9920,3880.0,28510.0,56480.0,14290.0
719,2019-11-19,9950,3890.0,28750.0,58670.0,14350.0
720,2019-11-20,9830,3910.0,28680.0,57710.0,14220.0
721,2019-11-21,9870,3890.0,28440.0,56420.0,14220.0
722,2019-11-22,9540,3800.0,27750.0,55130.0,14090.0
723,2019-11-25,9620,3700.0,27400.0,54480.0,14120.0
724,2019-11-26,9710,3790.0,27610.0,54610.0,14150.0
725,2019-11-27,9540,3640.0,28160.0,55640.0,14050.0
726,2019-11-28,9410,3590.0,28060.0,55000.0,13650.0
727,2019-11-29,9500,3570.0,27950.0,55000.0,13650.0
728,2019-12-02,9300,3510.0,27200.0,53840.0,13220.0
729,2019-12-03,9300,3450.0,27400.0,52870.0,13090.0
730,2019-12-04,9500,3360.0,27850.0,54610.0,13650.0
731,2019-12-05,9460,3390.0,27610.0,54680.0,13420.0
732,2019-12-06,9460,3380.0,27370.0,54740.0,13550.0
733,2019-12-09,9410,3390.0,27610.0,54930.0,13450.0
734,2019-12-10,9380,3320.0,27540.0,55060.0,13390.0
735,2019-12-11,9410,3310.0,27680.0,55380.0,13250.0
736,2019-12-12,9460,3250.0,28300.0,56420.0,13450.0
737,2019-12-13,9540,3230.0,28920.0,57000.0,13750.0
738,2019-12-16,9460,3210.0,28920.0,55450.0,13550.0
739,2019-12-17,9380,3230.0,28610.0,55000.0,13520.0
740,2019-12-18,9260,3230.0,28990.0,55900.0,13450.0
741,2019-12-19,9260,3300.0,29130.0,56740.0,13450.0
742,2019-12-20,9340,3260.0,29510.0,56930.0,13590.0
743,2019-12-23,9380,3230.0,30890.0,58610.0,13720.0
744,2019-12-24,9340,3240.0,30990.0,58030.0,13750.0
745,2019-12-25,9410,3260.0,31200.0,57960.0,13750.0
746,2019-12-26,9300,3250.0,30510.0,57640.0,13750.0
747,2019-12-27,9340,3240.0,31890.0,58350.0,13790.0
748,2019-12-30,9340,3190.0,31820.0,59200.0,14050.0
749,2019-12-31,9380,3400.0,31850.0,58680.0,13950.0
750,2020-01-02,9460,3320.0,32369.0,59070.0,14350.0
751,2020-01-03,9460,3390.0,32229.0,58480.0,14220.0
752,2020-01-06,9260,3310.0,31610.0,56920.0,14250.0
753,2020-01-07,9260,3300.0,32229.0,57110.0,14490.0
754,2020-01-08,9090,3250.0,32509.0,56590.0,14450.0
755,2020-01-09,9210,3270.0,34270.0,57700.0,14990.0
756,2020-01-10,9340,3280.0,35410.0,58220.0,15720.0
757,2020-01-13,9410,3080.0,34580.0,58160.0,15490.0
758,2020-01-14,9660,3220.0,34580.0,58160.0,15690.0
759,2020-01-15,9580,3230.0,35200.0,58090.0,15760.0
760,2020-01-16,9830,3240.0,37270.0,58220.0,16620.0
761,2020-01-17,9790,3240.0,36930.0,61470.0,16660.0
762,2020-01-20,9990,3240.0,36790.0,61150.0,16760.0
763,2020-01-21,10070,3230.0,37270.0,61150.0,16890.0
764,2020-01-22,10070,3410.0,38310.0,60760.0,17090.0
765,2020-01-30,9710,3240.0,36380.0,57830.0,16260.0
766,2020-01-31,9460,3230.0,35550.0,57700.0,16290.0
767,2020-02-03,9300,3130.0,36930.0,57700.0,16790.0
768,2020-02-04,9540,3180.0,37550.0,58420.0,17960.0
769,2020-02-05,9460,3200.0,36930.0,57830.0,17730.0
770,2020-02-06,9870,3200.0,36720.0,58160.0,18530.0
771,2020-02-07,9790,3230.0,35690.0,58550.0,17960.0
772,2020-02-10,9710,3180.0,33890.0,57830.0,17760.0
773,2020-02-11,9750,3140.0,35060.0,58030.0,18530.0
774,2020-02-12,10530,3140.0,35060.0,58160.0,18160.0
775,2020-02-13,10490,3130.0,34790.0,58090.0,18190.0
776,2020-02-14,10860,3120.0,34510.0,58090.0,17890.0
777,2020-02-17,10860,3170.0,35550.0,58160.0,17730.0
778,2020-02-18,10940,3130.0,35890.0,58160.0,17830.0
779,2020-02-19,10820,3140.0,35410.0,58220.0,18030.0
780,2020-02-20,10860,3310.0,35410.0,58220.0,17960.0
781,2020-02-21,10570,3240.0,34170.0,57900.0,17260.0
782,2020-02-24,9870,3140.0,31960.0,56720.0,16290.0
783,2020-02-25,10320,3150.0,33680.0,56070.0,17430.0
784,2020-02-26,10120,3130.0,32439.0,55290.0,17230.0
785,2020-02-27,10490,3140.0,32509.0,54640.0,17490.0
786,2020-02-28,10370,3080.0,31410.0,53600.0,17190.0
787,2020-03-02,10370,3130.0,31160.0,53210.0,17030.0
788,2020-03-03,10530,3160.0,32369.0,53470.0,17660.0
789,2020-03-04,10610,3230.0,31850.0,53150.0,17660.0
790,2020-03-05,10530,3210.0,32200.0,54060.0,17460.0
791,2020-03-06,10410,3200.0,32340.0,54970.0,17230.0
792,2020-03-09,9580,2980.0,30090.0,51130.0,16020.0
793,2020-03-10,9950,3010.0,29270.0,51980.0,16360.0
794,2020-03-11,9620,2910.0,27230.0,50090.0,15490.0
795,2020-03-12,9090,2710.0,25330.0,46640.0,14560.0
796,2020-03-13,9050,2720.0,24160.0,46190.0,14660.0
797,2020-03-16,8600,2710.0,22640.0,43650.0,13690.0
798,2020-03-17,8680,2710.0,23330.0,43910.0,14020.0
799,2020-03-18,8720,2790.0,23850.0,45080.0,13990.0
800,2020-03-19,8680,2730.0,23050.0,42930.0,13420.0
801,2020-03-20,8800,2690.0,22850.0,40010.0,13220.0
802,2020-03-23,7940,2510.0,21260.0,37210.0,12320.0
803,2020-03-24,8060,2470.0,21810.0,37730.0,12220.0
804,2020-03-25,8430,2560.0,22920.0,40330.0,13050.0
805,2020-03-26,8100,2390.0,22980.0,41110.0,12550.0
806,2020-03-27,8100,2380.0,22780.0,41700.0,12690.0
807,2020-03-30,7480,2220.0,21330.0,39680.0,11820.0
808,2020-03-31,7320,2090.0,21290.0,40330.0,11480.0
809,2020-04-01,7650,2220.0,22160.0,42280.0,12220.0
810,2020-04-03,7850,2280.0,23680.0,42610.0,12550.0
811,2020-04-06,8470,2440.0,25330.0,44230.0,13420.0
812,2020-04-07,8340,2430.0,25540.0,44360.0,13250.0
813,2020-04-08,8310,2370.0,26190.0,43910.0,13150.0
814,2020-04-09,8230,2420.0,26020.0,46190.0,13220.0
815,2020-04-10,8140,2470.0,25470.0,45930.0,12990.0
816,2020-04-13,8230,2640.0,25640.0,46060.0,13090.0
817,2020-04-14,8230,2730.0,25190.0,45470.0,12820.0
818,2020-04-15,8310,2730.0,25750.0,46120.0,13250.0
819,2020-04-16,8390,2660.0,25750.0,46320.0,13220.0
820,2020-04-17,8640,2740.0,25810.0,46450.0,13420.0
821,2020-04-20,8510,2750.0,25610.0,46770.0,13250.0
822,2020-04-21,8140,2650.0,23950.0,46510.0,12550.0
823,2020-04-22,8390,2700.0,24990.0,45080.0,12850.0
824,2020-04-23,8340,2680.0,24990.0,45020.0,12820.0
825,2020-04-24,8340,2720.0,24850.0,44820.0,12820.0
826,2020-04-27,8270,2690.0,24230.0,43450.0,12590.0
827,2020-04-28,8340,2690.0,24260.0,43580.0,12720.0
828,2020-04-29,8430,2660.0,24570.0,44230.0,13350.0
829,2020-05-04,8340,2630.0,24370.0,43840.0,13390.0
830,2020-05-05,8340,2660.0,24370.0,43450.0,13250.0
831,2020-05-06,8550,2730.0,24850.0,43970.0,13490.0
832,2020-05-07,8720,2740.0,25920.0,45340.0,13620.0
833,2020-05-08,8800,2850.0,26230.0,47810.0,13950.0
834,2020-05-11,8920,2990.0,26570.0,48460.0,14190.0
835,2020-05-12,8960,3060.0,26610.0,49180.0,14450.0
836,2020-05-13,8920,3130.0,27330.0,49180.0,14450.0
837,2020-05-14,8800,3320.0,27400.0,49440.0,14250.0
838,2020-05-15,8920,3100.0,26640.0,49440.0,13950.0
839,2020-05-18,8960,3280.0,26850.0,51070.0,14250.0
840,2020-05-19,9130,3260.0,26990.0,51390.0,14890.0
841,2020-05-20,9130,3190.0,27020.0,51780.0,14890.0
842,2020-05-21,9210,3140.0,27400.0,52820.0,15320.0
843,2020-05-22,9210,3140.0,27130.0,52690.0,15220.0
844,2020-05-25,9300,3130.0,27370.0,52760.0,15390.0
845,2020-05-26,9580,3210.0,28990.0,53670.0,15460.0
846,2020-05-27,9380,3160.0,27470.0,53930.0,14960.0
847,2020-05-28,9410,3130.0,28090.0,54970.0,15060.0
848,2020-05-29,9410,3230.0,27680.0,55420.0,15020.0
849,2020-06-01,10320,3360.0,28610.0,56270.0,15690.0
850,2020-06-02,10200,3290.0,27990.0,56330.0,15660.0
851,2020-06-03,10490,3310.0,28300.0,57180.0,16020.0
852,2020-06-04,10410,3350.0,28850.0,57900.0,16460.0
853,2020-06-05,10370,3350.0,29060.0,57900.0,16320.0
854,2020-06-08,10450,3590.0,30370.0,58160.0,16620.0
855,2020-06-09,10490,3840.0,29920.0,58220.0,16160.0
856,2020-06-10,10530,4019.0,30030.0,58290.0,16460.0
857,2020-06-11,10070,3750.0,27950.0,57250.0,15320.0
858,2020-06-12,10070,3490.0,29330.0,55680.0,15560.0
859,2020-06-15,9580,3460.0,27540.0,53340.0,14890.0
860,2020-06-16,9790,3560.0,28090.0,54450.0,15520.0
861,2020-06-17,9750,3500.0,27820.0,54770.0,15360.0
862,2020-06-18,9790,3410.0,27950.0,55290.0,15290.0
863,2020-06-19,10030,3530.0,28610.0,55550.0,15590.0
864,2020-06-22,9920,3490.0,28510.0,55620.0,15660.0
865,2020-06-23,9870,3610.0,28090.0,55940.0,15520.0
866,2020-06-24,9790,3630.0,27820.0,55100.0,15220.0
867,2020-06-25,9750,3530.0,27610.0,54450.0,15160.0
868,2020-06-26,9710,3510.0,27540.0,54190.0,15060.0
869,2020-06-29,9410,3280.0,26570.0,53020.0,14620.0
870,2020-06-30,9380,3310.0,26160.0,52240.0,14390.0
871,2020-07-01,9540,3420.0,27060.0,53800.0,14890.0
872,2020-07-02,9500,3380.0,26920.0,53730.0,14890.0
873,2020-07-03,9460,3340.0,26990.0,53990.0,14890.0
874,2020-07-06,9710,3410.0,27680.0,53930.0,15390.0
875,2020-07-07,9750,3320.0,28020.0,54250.0,15660.0
876,2020-07-08,9830,3370.0,27990.0,53990.0,15790.0
877,2020-07-09,9990,3410.0,28710.0,54380.0,16090.0
878,2020-07-10,9870,3380.0,28640.0,53800.0,15890.0
879,2020-07-13,9830,3390.0,28510.0,53930.0,15990.0
880,2020-07-14,9870,3370.0,28470.0,53990.0,16059.0
881,2020-07-15,9870,3370.0,28540.0,54320.0,16090.0
882,2020-07-16,9870,3380.0,28540.0,54320.0,16090.0
883,2020-07-17,10200,3390.0,28710.0,53860.0,16090.0
884,2020-07-20,10070,3440.0,28160.0,53470.0,15890.0
885,2020-07-21,10120,3480.0,28160.0,53670.0,15920.0
886,2020-07-22,10030,3450.0,27610.0,53670.0,15590.0
887,2020-07-23,9950,3340.0,27510.0,53670.0,15590.0
888,2020-07-24,9540,3130.0,26370.0,52690.0,14860.0
889,2020-07-27,8960,2910.0,24540.0,50090.0,13820.0
890,2020-07-28,9410,3010.0,26130.0,51070.0,14490.0
891,2020-07-29,9130,2840.0,25500.0,50410.0,13920.0
892,2020-07-30,9300,2940.0,25680.0,50350.0,14250.0
893,2020-07-31,9260,2910.0,25300.0,49700.0,14150.0
894,2020-08-03,9540,3010.0,25680.0,51260.0,14520.0
895,2020-08-04,9750,3010.0,26160.0,53280.0,14720.0
896,2020-08-05,9870,3060.0,26750.0,53800.0,15120.0
897,2020-08-06,9790,3280.0,26400.0,53860.0,14960.0
898,2020-08-07,9750,3310.0,26300.0,53930.0,15190.0
899,2020-08-10,9790,3290.0,26300.0,53280.0,15220.0
900,2020-08-11,10450,3240.0,26570.0,53410.0,15490.0
901,2020-08-12,10450,3240.0,27060.0,53410.0,15620.0
902,2020-08-13,10490,3280.0,27370.0,53990.0,15860.0
903,2020-08-14,10410,3260.0,26920.0,53340.0,15690.0
904,2020-08-17,10610,3260.0,26710.0,53540.0,15690.0
905,2020-08-18,10530,3260.0,26500.0,53540.0,15490.0
906,2020-08-19,10530,3310.0,26640.0,53990.0,15560.0
907,2020-08-20,11120,3410.0,26400.0,53990.0,15560.0
908,2020-08-21,11330,3460.0,26880.0,53930.0,16219.0
909,2020-08-24,11230,3470.0,27370.0,54580.0,16290.0
910,2020-08-25,11280,3490.0,27260.0,54580.0,16490.0
911,2020-08-26,11330,3620.0,27160.0,54320.0,16490.0
912,2020-08-27,11490,3620.0,26990.0,54320.0,16520.0
913,2020-08-28,11440,3750.0,27990.0,54250.0,16760.0
914,2020-08-31,11330,3600.0,28270.0,53990.0,17160.0
915,2020-09-01,11280,3600.0,28580.0,53990.0,17460.0
916,2020-09-03,11330,3730.0,29130.0,56070.0,17330.0
917,2020-09-04,11280,3840.0,29060.0,55230.0,17360.0
918,2020-09-07,11120,3890.0,28020.0,54380.0,16690.0
919,2020-09-08,11010,3890.0,28200.0,53670.0,17060.0
920,2020-09-09,11170,3940.0,28160.0,53470.0,16890.0
921,2020-09-10,11170,4190.0,27950.0,53410.0,16890.0
922,2020-09-11,11120,4390.0,27920.0,53540.0,17090.0
923,2020-09-14,11330,4480.0,27950.0,53990.0,17090.0
924,2020-09-15,11390,4410.0,28130.0,53670.0,16960.0
925,2020-09-16,11330,4430.0,27990.0,53930.0,16830.0
926,2020-09-17,11490,4660.0,27950.0,53670.0,16890.0
927,2020-09-18,11590,4760.0,28300.0,53930.0,17230.0
928,2020-09-21,11760,4690.0,28160.0,53990.0,17190.0
929,2020-09-22,11920,4600.0,28090.0,54640.0,17230.0
930,2020-09-23,12030,4610.0,28580.0,55550.0,17530.0
931,2020-09-24,11860,4560.0,28230.0,56010.0,17360.0
932,2020-09-25,11860,4560.0,28160.0,55940.0,17490.0
933,2020-09-28,12080,4830.0,28510.0,55940.0,18130.0
934,2020-09-29,11970,4820.0,28060.0,55030.0,17760.0
935,2020-09-30,12030,4850.0,28160.0,54710.0,17730.0
936,2020-10-01,12030,4930.0,28270.0,55160.0,17760.0
937,2020-10-02,12300,4840.0,28060.0,54640.0,17990.0
938,2020-10-05,12610,4940.0,27890.0,54320.0,18360.0
939,2020-10-06,12830,4900.0,27920.0,54580.0,18160.0
940,2020-10-07,12500,4860.0,27920.0,55290.0,18030.0
941,2020-10-08,12400,4840.0,27890.0,55160.0,18130.0
942,2020-10-09,12560,4920.0,27850.0,55160.0,18460.0
943,2020-10-12,12450,4840.0,28270.0,55880.0,19430.0
944,2020-10-13,12500,4840.0,28470.0,56270.0,20400.0
945,2020-10-14,12830,4760.0,29610.0,57380.0,20030.0
946,2020-10-15,13100,4820.0,29160.0,57640.0,20060.0
947,2020-10-16,13200,4780.0,29130.0,57380.0,20800.0
948,2020-10-19,13520,4820.0,28920.0,56920.0,21470.0
949,2020-10-20,13520,4760.0,28990.0,57050.0,21430.0
950,2020-10-21,13470,4760.0,29230.0,56070.0,20730.0
951,2020-10-22,13680,4700.0,29650.0,56330.0,21370.0
952,2020-10-23,13680,4690.0,29540.0,56920.0,21230.0
953,2020-10-26,13260,4600.0,28300.0,55940.0,20360.0
954,2020-10-27,13040,4410.0,28090.0,55940.0,20530.0
955,2020-10-28,12720,4220.0,27130.0,54770.0,19960.0
956,2020-10-29,12770,4260.0,26680.0,54380.0,19430.0
957,2020-10-30,12880,4260.0,26570.0,53990.0,19360.0
958,2020-11-02,13100,4260.0,26850.0,55810.0,20300.0
959,2020-11-03,13370,4290.0,27200.0,55290.0,20160.0
960,2020-11-04,13630,4480.0,27440.0,55290.0,20430.0
961,2020-11-05,13310,4420.0,26950.0,55290.0,20200.0
962,2020-11-06,13420,4360.0,26950.0,55290.0,20200.0
963,2020-11-09,13570,4450.0,27090.0,55620.0,20660.0
964,2020-11-10,13520,4620.0,27200.0,55360.0,20430.0
965,2020-11-11,13570,4620.0,27200.0,55230.0,20360.0
966,2020-11-12,14110,4630.0,27330.0,56200.0,20700.0
967,2020-11-13,14160,4630.0,27820.0,56530.0,21330.0
968,2020-11-16,14000,4950.0,27540.0,55810.0,21300.0
969,2020-11-17,14530,5170.0,27820.0,56980.0,21700.0
970,2020-11-18,14530,5120.0,27640.0,56980.0,21870.0
971,2020-11-19,14530,4990.0,27890.0,58680.0,22230.0
972,2020-11-20,14590,4910.0,28440.0,60170.0,22170.0
973,2020-11-23,14590,5010.0,28370.0,59590.0,21970.0
974,2020-11-24,14590,4980.0,28090.0,60110.0,21870.0
975,2020-11-25,14590,4930.0,28510.0,60820.0,22030.0
976,2020-11-26,14640,4950.0,29400.0,61150.0,22730.0
977,2020-11-27,14530,5290.0,29300.0,61470.0,22730.0
978,2020-11-30,14530,5360.0,28780.0,60500.0,22370.0
979,2020-12-01,14590,5720.0,28780.0,59850.0,22630.0
980,2020-12-09,15260,7060.0,30230.0,62770.0,23030.0
981,2020-12-10,14940,7400.0,30340.0,63230.0,22700.0
982,2020-12-11,15070,7420.0,31610.0,63230.0,23200.0
983,2020-12-14,15070,7930.0,32100.0,64989.0,23640.0
984,2020-12-15,14960,7970.0,31820.0,63620.0,23370.0
985,2020-12-16,15090,7870.0,32720.0,64989.0,23640.0
986,2020-12-17,15130,7760.0,32030.0,62450.0,23090.0
987,2020-12-18,15180,7910.0,32439.0,64340.0,23430.0
988,2020-12-21,15470,8450.0,32750.0,64860.0,23600.0
989,2020-12-22,15360,8600.0,32340.0,64200.0,23570.0
990,2020-12-23,15020,8220.0,32159.0,63940.0,23360.0
991,2020-12-24,14590,7870.0,31410.0,63810.0,22990.0
992,2020-12-25,14940,8250.0,32159.0,64010.0,23500.0
993,2020-12-28,14860,8250.0,32750.0,64269.0,23230.0
994,2020-12-29,14800,8109.0,33370.0,65060.0,23130.0
995,2020-12-30,14860,7960.0,33170.0,64200.0,23260.0
996,2020-12-31,15020,8150.0,33620.0,64200.0,23400.0
997,2021-01-04,15310,8420.0,33870.0,64930.0,24040.0
998,2021-01-05,15690,9010.0,33620.0,65120.0,23970.0
999,2021-01-06,15980,9630.0,34250.0,68860.0,25630.0
1000,2021-01-07,15980,10290.0,34320.0,70170.0,26310.0
1001,2021-01-08,16140,10960.0,34040.0,68730.0,26210.0
1002,2021-01-11,16219,10910.0,33870.0,68530.0,26210.0
1003,2021-01-12,16090,10670.0,34220.0,69250.0,26070.0
1004,2021-01-13,15950,10490.0,34010.0,68730.0,26170.0
1005,2021-01-14,15950,11190.0,34290.0,68140.0,26510.0
1006,2021-01-15,16160,11950.0,34290.0,67680.0,26750.0
1007,2021-01-18,16000,12760.0,34150.0,67750.0,26140.0
1008,2021-01-19,14910,11900.0,31760.0,64930.0,24310.0
1009,2021-01-20,15130,11100.0,31940.0,64989.0,24140.0
1010,2021-01-21,15470,11850.0,32640.0,67550.0,25060.0
1011,2021-01-22,15310,11720.0,31760.0,67550.0,25460.0
1012,2021-01-25,15020,11380.0,31310.0,67220.0,24920.0
1013,2021-01-26,14860,10670.0,29870.0,66170.0,23360.0
1014,2021-01-27,14690,9960.0,28990.0,63880.0,22080.0
1015,2021-01-28,13680,9270.0,26990.0,59420.0,20550.0
1016,2021-01-29,14330,9360.0,28010.0,60990.0,20660.0
1017,2021-02-01,14240,8710.0,27450.0,59740.0,21670.0
1018,2021-02-02,14620,8540.0,27620.0,63290.0,22960.0
1019,2021-02-03,15020,9140.0,29020.0,64860.0,23640.0
1020,2021-02-04,15070,9770.0,29130.0,64860.0,23500.0
1021,2021-02-05,15230,10440.0,29340.0,65580.0,24240.0
1022,2021-02-08,14690,10910.0,28150.0,61710.0,23060.0
1023,2021-02-09,15260,11050.0,28640.0,63750.0,23970.0
1024,2021-02-17,15710,11290.0,29550.0,65580.0,24920.0
1025,2021-02-18,15580,10910.0,30460.0,66890.0,24920.0
1026,2021-02-19,16620,10770.0,30950.0,66430.0,25060.0
1027,2021-02-22,16890,10810.0,30710.0,65980.0,25060.0
1028,2021-02-23,16940,10770.0,30880.0,65580.0,25090.0
1029,2021-02-24,16670,10770.0,30220.0,64340.0,25400.0
1030,2021-02-25,17320,10770.0,30150.0,64400.0,25260.0
1031,2021-02-26,17670,10720.0,30600.0,64400.0,25230.0
1032,2021-03-01,17770,11240.0,30950.0,65060.0,25800.0
1033,2021-03-02,17630,11140.0,30920.0,65120.0,25730.0
1034,2021-03-03,17770,11140.0,30740.0,64530.0,26140.0
1035,2021-03-04,17320,11570.0,30010.0,63810.0,25940.0
1036,2021-03-05,17340,11570.0,29760.0,63220.0,25730.0
1037,2021-03-08,17000,11720.0,29800.0,62430.0,25670.0
1038,2021-03-09,17130,11480.0,29380.0,62300.0,25190.0
1039,2021-03-10,17500,11570.0,29480.0,62630.0,25430.0
1040,2021-03-11,17630,12340.0,30390.0,63160.0,25870.0
1041,2021-03-12,17610,12140.0,30430.0,62830.0,25700.0
1042,2021-03-15,17900,11900.0,30180.0,63160.0,25730.0
1043,2021-03-16,17880,11620.0,29760.0,62760.0,25530.0
1044,2021-03-17,17900,11670.0,30390.0,62700.0,26780.0
1045,2021-03-18,18140,11810.0,31590.0,63940.0,27430.0
1046,2021-03-19,18070,11850.0,31590.0,61780.0,27390.0
1047,2021-03-22,17850,11670.0,31340.0,63610.0,27830.0
1048,2021-03-23,17630,11380.0,30670.0,62830.0,27430.0
1049,2021-03-24,17340,11010.0,29590.0,62110.0,26410.0
1050,2021-03-25,17130,10810.0,29660.0,62370.0,26680.0
1051,2021-03-26,17340,10670.0,29550.0,62240.0,26450.0
1052,2021-03-29,17630,11140.0,29870.0,62500.0,27090.0
1053,2021-03-30,17800,11190.0,30080.0,62170.0,27360.0
1054,2021-03-31,17800,11140.0,30150.0,62170.0,27190.0
1055,2021-04-01,18090,11850.0,30850.0,63550.0,27800.0
1056,2021-04-02,18520,11670.0,31590.0,64140.0,27970.0
1057,2021-04-05,18570,11760.0,31970.0,66890.0,28440.0
1058,2021-04-06,18570,11530.0,32110.0,66830.0,29120.0
1059,2021-04-07,18390,11720.0,31970.0,66830.0,29120.0
1060,2021-04-08,18390,11670.0,31450.0,65580.0,28850.0
1061,2021-04-09,18390,11620.0,31100.0,63940.0,28780.0
1062,2021-04-12,18790,11950.0,31410.0,64860.0,29260.0
1063,2021-04-13,18490,11850.0,30640.0,63940.0,28480.0
1064,2021-04-14,18490,11950.0,30880.0,64730.0,28950.0
1065,2021-04-15,18090,11570.0,30220.0,63940.0,28580.0
1066,2021-04-16,17690,11140.0,29480.0,63160.0,28440.0
1067,2021-04-19,18010,11380.0,30180.0,64599.0,28780.0
1068,2021-04-20,17960,11050.0,30320.0,67550.0,28440.0
1069,2021-04-22,17370,10520.0,28780.0,67550.0,26510.0
1070,2021-04-23,17850,10910.0,29480.0,68200.0,27970.0
1071,2021-04-26,17800,10570.0,28430.0,64660.0,26890.0
1072,2021-04-27,18170,10340.0,28320.0,64930.0,26850.0
1073,2021-04-28,18070,10440.0,28500.0,64930.0,26920.0
1074,2021-04-29,18520,10240.0,28780.0,65580.0,27630.0
1075,2021-05-04,18410,9960.0,28990.0,64989.0,29120.0
1076,2021-05-05,18870,10620.0,29410.0,66370.0,29360.0
1077,2021-05-06,18600,10440.0,28950.0,65120.0,29050.0
1078,2021-05-07,18810,10200.0,28530.0,63610.0,29660.0
1079,2021-05-10,19350,10520.0,29060.0,64340.0,30340.0
1080,2021-05-11,19140,10490.0,29550.0,64200.0,29930.0
1081,2021-05-12,19320,10490.0,29940.0,63810.0,30480.0
1082,2021-05-13,19350,10440.0,29900.0,63480.0,31490.0
1083,2021-05-14,19480,10440.0,29730.0,63550.0,31830.0
1084,2021-05-17,19540,10340.0,29340.0,62960.0,31660.0
1085,2021-05-18,19370,10290.0,28710.0,62040.0,31520.0
1086,2021-05-19,19560,10200.0,28710.0,61710.0,32509.0
1087,2021-05-20,19990,10720.0,29380.0,64930.0,33120.0
1088,2021-05-21,20040,10810.0,31410.0,63480.0,32680.0
1089,2021-05-24,20040,10720.0,32290.0,63880.0,34670.0
1090,2021-05-25,20310,10960.0,32780.0,65450.0,34610.0
1091,2021-05-26,20550,11100.0,32740.0,65840.0,34880.0
1092,2021-05-27,20420,10860.0,31870.0,64730.0,34000.0
1093,2021-05-28,20790,11290.0,33100.0,65319.0,34670.0
1094,2021-05-31,22130,12050.0,34180.0,64660.0,35960.0
1095,2021-06-01,22500,12810.0,33690.0,68010.0,35620.0
1096,2021-06-02,23840,12860.0,33270.0,69520.0,35220.0
1097,2021-06-03,24530,13700.0,34250.0,69980.0,36300.0
1098,2021-06-04,24210,14220.0,34390.0,68800.0,36570.0
1099,2021-06-07,22980,13280.0,32850.0,67550.0,35220.0
1100,2021-06-08,21480,12370.0,31450.0,65580.0,33180.0
1101,2021-06-09,22690,12860.0,31900.0,66890.0,34200.0
1102,2021-06-10,22790,12420.0,30810.0,66760.0,33520.0
1103,2021-06-11,23160,12570.0,31730.0,67420.0,35830.0
1104,2021-06-14,22790,13230.0,31520.0,66890.0,35550.0
1105,2021-06-15,23620,13180.0,31520.0,67420.0,35280.0
1106,2021-06-16,23190,12810.0,31800.0,68200.0,34200.0
1107,2021-06-17,23320,12810.0,32220.0,68340.0,34200.0
1108,2021-06-18,23390,12860.0,32390.0,71160.0,34670.0
1109,2021-06-21,23220,12570.0,31590.0,69910.0,34060.0
1110,2021-06-22,23820,12620.0,31590.0,70570.0,35150.0
1111,2021-06-23,23920,12760.0,31870.0,71940.0,35690.0
1112,2021-06-24,24190,12760.0,31730.0,72600.0,36160.0
1113,2021-06-25,24290,13470.0,31970.0,73850.0,36430.0
1114,2021-06-28,24530,13280.0,32920.0,73850.0,36840.0
1115,2021-06-29,24360,13420.0,32920.0,74760.0,36500.0
1116,2021-06-30,23860,13090.0,33170.0,76340.0,35690.0
1117,2021-07-01,24020,13990.0,33200.0,76340.0,35490.0
1118,2021-07-02,24120,14940.0,33030.0,75350.0,35690.0
1119,2021-07-05,25360,15360.0,32740.0,74500.0,35280.0
1120,2021-07-06,24060,14320.0,30880.0,73450.0,32850.0
1121,2021-07-07,24430,13990.0,31940.0,74370.0,34110.0
1122,2021-07-08,24190,13750.0,32150.0,72800.0,33720.0
1123,2021-07-09,23520,12810.0,31520.0,72010.0,32850.0
1124,2021-07-12,21890,11950.0,29480.0,70240.0,30570.0
1125,2021-07-13,21990,12140.0,29760.0,67810.0,30220.0
1126,2021-07-14,21220,11670.0,29910.0,66730.0,29440.0
1127,2021-07-15,21890,12420.0,29980.0,67190.0,30570.0
1128,2021-07-16,22450,12100.0,29850.0,67190.0,30270.0
1129,2021-07-19,21480,11290.0,27850.0,63590.0,28170.0
1130,2021-07-20,22650,12050.0,28800.0,65680.0,29050.0
1131,2021-07-21,22590,11760.0,28580.0,64890.0,28700.0
1132,2021-07-22,22790,11850.0,28800.0,65750.0,29260.0
1133,2021-07-23,22050,11570.0,28240.0,63590.0,28390.0
1134,2021-07-26,21850,11530.0,28090.0,62930.0,28080.0
1135,2021-07-27,22150,11670.0,28240.0,62280.0,28390.0
1136,2021-07-28,22150,11670.0,28440.0,63590.0,28740.0
1137,2021-07-29,22820,12470.0,28800.0,64170.0,29610.0
1138,2021-07-30,24160,12620.0,28870.0,64239.0,30050.0
1139,2021-08-02,23760,12620.0,29890.0,63590.0,29480.0
1140,2021-08-03,23920,13280.0,30450.0,64769.0,29790.0
1141,2021-08-04,23720,13470.0,30200.0,64569.0,29700.0
1142,2021-08-05,24060,13660.0,30160.0,65160.0,29870.0
1143,2021-08-06,23760,13330.0,30130.0,64310.0,29830.0
1144,2021-08-09,24390,13660.0,30300.0,64440.0,30180.0
1145,2021-08-10,24390,13660.0,30410.0,64890.0,30270.0
1146,2021-08-11,24060,13470.0,30270.0,65880.0,29960.0
1147,2021-08-12,23590,13280.0,30060.0,65489.0,30050.0
1148,2021-08-13,23620,13560.0,29890.0,65290.0,29960.0
1149,2021-08-16,23860,14510.0,30410.0,65940.0,30660.0
1150,2021-08-17,23790,14140.0,30160.0,66210.0,30220.0
1151,2021-08-18,23760,14220.0,29950.0,66210.0,30140.0
1152,2021-08-19,23590,15130.0,29850.0,67390.0,29960.0
1153,2021-08-20,22450,15280.0,28440.0,65620.0,28570.0
1154,2021-08-23,21380,16320.0,27600.0,63780.0,28570.0
1155,2021-08-24,21580,15460.0,27670.0,63590.0,28610.0
1156,2021-08-25,21690,15650.0,27700.0,63910.0,28080.0
1157,2021-08-26,21350,15320.0,27110.0,63450.0,27250.0
1158,2021-08-27,21220,15750.0,27180.0,64120.0,27210.0
1159,2021-08-30,21480,15940.0,27700.0,65099.0,28220.0
1160,2021-08-31,21380,15650.0,27360.0,65160.0,27780.0
1161,2021-09-01,21380,15890.0,27390.0,65160.0,27990.0
1162,2021-09-06,21420,16980.0,27460.0,65550.0,27990.0
1163,2021-09-07,21720,16550.0,27880.0,65550.0,28520.0
1164,2021-09-08,21480,16270.0,27810.0,65360.0,28080.0
1165,2021-09-09,21690,16410.0,27950.0,65099.0,28310.0
1166,2021-09-10,21580,16270.0,27850.0,65030.0,28220.0
1167,2021-09-13,21320,15890.0,27490.0,64310.0,27820.0
1168,2021-09-14,21050,15410.0,27180.0,64440.0,27250.0
1169,2021-09-15,20850,15650.0,27250.0,63650.0,27210.0
1170,2021-09-16,20920,15600.0,27670.0,64310.0,27640.0
1171,2021-09-17,21120,16219.0,28090.0,63720.0,27780.0
1172,2021-09-20,21450,16120.0,28020.0,65290.0,27820.0
1173,2021-09-21,21250,15800.0,27850.0,64239.0,27520.0
1174,2021-09-22,21120,16120.0,27810.0,65220.0,27380.0
1175,2021-09-23,21120,16120.0,27700.0,65220.0,27610.0
1176,2021-09-24,21380,15940.0,27880.0,65220.0,27690.0
1177,2021-09-27,21050,15180.0,27670.0,64239.0,27080.0
1178,2021-09-28,21120,15600.0,28170.0,65030.0,27040.0
1179,2021-09-29,20950,15460.0,28020.0,64569.0,26550.0
1180,2021-09-30,21080,15360.0,27700.0,63720.0,26550.0
1181,2021-10-01,21050,15230.0,27250.0,62860.0,25990.0
1182,2021-10-04,20720,15030.0,27320.0,62020.0,25070.0
1183,2021-10-05,21050,16030.0,27600.0,62670.0,25770.0
1184,2021-10-06,20950,15890.0,27670.0,62670.0,25590.0
1185,2021-10-07,20850,15940.0,27490.0,63450.0,25640.0
1186,2021-10-08,21020,15840.0,27530.0,63590.0,25730.0
1187,2021-10-11,21790,16170.0,28090.0,63910.0,27080.0
1188,2021-10-12,21790,16550.0,28260.0,63590.0,26900.0
1189,2021-10-13,21790,16320.0,28020.0,63590.0,26820.0
1190,2021-10-14,21580,16600.0,27780.0,63390.0,26730.0
1191,2021-10-15,21520,16600.0,27740.0,63260.0,26780.0
1192,2021-10-18,21380,16219.0,27600.0,62930.0,26380.0
1193,2021-10-19,21580,16079.0,28130.0,63190.0,26470.0
1194,2021-10-20,21580,16030.0,27920.0,62280.0,26200.0
1195,2021-10-21,21220,16030.0,27740.0,61620.0,25990.0
1196,2021-10-22,21120,15840.0,27600.0,61820.0,25900.0
1197,2021-10-25,20880,15940.0,27530.0,61690.0,26120.0
1198,2021-10-26,20780,15980.0,27530.0,61620.0,26120.0
1199,2021-10-27,20980,16320.0,28020.0,63000.0,27170.0
1200,2021-10-28,21280,16550.0,27990.0,64170.0,27340.0
1201,2021-10-29,22050,16600.0,29140.0,64239.0,27520.0
1202,2021-11-01,21850,17550.0,29350.0,63590.0,28130.0
1203,2021-11-02,22150,18070.0,29460.0,64170.0,28310.0
1204,2021-11-03,22620,17260.0,30230.0,64700.0,28830.0
1205,2021-11-04,22390,18310.0,30900.0,64500.0,28480.0
1206,2021-11-05,22390,18210.0,30620.0,63910.0,28570.0
1207,2021-11-08,22320,18740.0,30830.0,64379.0,28660.0
1208,2021-11-09,22350,18350.0,30200.0,63650.0,28780.0
1209,2021-11-10,22320,18400.0,30200.0,63980.0,28390.0
1210,2021-11-11,22050,18400.0,30060.0,64440.0,27910.0
1211,2021-11-12,22290,19680.0,30340.0,64379.0,28570.0
1212,2021-11-15,22320,21060.0,30060.0,64050.0,28390.0
1213,2021-11-16,22150,21870.0,30060.0,63720.0,28310.0
1214,2021-11-17,22250,22860.0,30620.0,64239.0,28170.0
1215,2021-11-18,21720,24420.0,31250.0,63590.0,28080.0
1216,2021-11-19,22350,23720.0,31180.0,63650.0,28660.0
1217,2021-11-22,22820,22760.0,31990.0,64769.0,30140.0
1218,2021-11-23,22690,24330.0,31400.0,64959.0,29790.0
1219,2021-11-24,23620,24950.0,32340.0,68700.0,30920.0
1220,2021-11-25,23490,25420.0,31850.0,70210.0,30700.0
1221,2021-11-26,23120,24710.0,31920.0,68830.0,29960.0
1222,2021-11-29,22820,25570.0,31250.0,66270.0,29920.0
1223,2021-11-30,22250,26270.0,31180.0,64830.0,29310.0
1224,2021-12-01,22390,26270.0,31110.0,64890.0,29700.0
1225,2021-12-02,22190,25700.0,31040.0,64959.0,29520.0
1226,2021-12-03,21750,23950.0,29500.0,64239.0,28830.0
1227,2021-12-06,21580,22290.0,29460.0,62540.0,28040.0
1228,2021-12-07,22020,23240.0,30620.0,64379.0,28570.0
1229,2021-12-08,22120,23280.0,30900.0,64700.0,28830.0
1230,2021-12-09,22250,23720.0,30900.0,65030.0,29480.0
1231,2021-12-10,22320,23150.0,31320.0,65550.0,29310.0
1232,2021-12-13,22320,23430.0,31950.0,65290.0,29260.0
1233,2021-12-14,22250,23150.0,31810.0,65099.0,29000.0
1234,2021-12-15,22320,22670.0,31530.0,65489.0,28860.0
1235,2021-12-16,22050,22200.0,31530.0,64959.0,29080.0
1236,2021-12-17,22190,23330.0,31530.0,63260.0,29490.0
1237,2021-12-20,22120,23720.0,31320.0,65220.0,29040.0
1238,2021-12-21,21920,23150.0,30760.0,64830.0,28640.0
1239,2021-12-22,21850,22760.0,30410.0,65110.0,28320.0
1240,2021-12-23,21720,21720.0,30610.0,64780.0,28820.0
1241,2021-12-24,22050,22100.0,31060.0,66470.0,29440.0
1242,2021-12-27,22150,22000.0,31320.0,67570.0,29890.0
1243,2021-12-28,22490,21820.0,31240.0,67740.0,30340.0
1244,2021-12-29,22590,22760.0,31240.0,67320.0,30560.0
1245,2021-12-30,22650,24330.0,31410.0,66380.0,30250.0
1246,2021-12-31,23060,24190.0,32920.0,66720.0,30340.0
1247,2022-01-04,22990,24190.0,33190.0,66890.0,31100.0
1248,2022-01-05,22520,23900.0,32880.0,66050.0,31100.0
1249,2022-01-06,22550,23570.0,33720.0,66980.0,30430.0
1250,2022-01-07,22250,23800.0,34790.0,67570.0,29710.0
1251,2022-01-10,22090,22960.0,34610.0,66890.0,29800.0
1252,2022-01-11,21890,22390.0,34960.0,67230.0,29530.0
1253,2022-01-12,22120,23240.0,37400.0,67740.0,30560.0
1254,2022-01-13,22290,22440.0,39050.0,69350.0,31460.0
1255,2022-01-14,22090,22290.0,39270.0,70620.0,31730.0
1256,2022-01-17,21890,20770.0,38730.0,72990.0,31320.0
1257,2022-01-18,21920,19350.0,39840.0,74170.0,30920.0
1258,2022-01-19,22050,19920.0,38730.0,73500.0,30250.0
1259,2022-01-20,22020,20390.0,41440.0,73750.0,31410.0
1260,2022-01-21,22350,20070.0,42020.0,75530.0,31810.0
1261,2022-01-24,22950,18690.0,41620.0,78750.0,31900.0
1262,2022-01-25,23290,18210.0,43480.0,81120.0,33110.0
1263,2022-01-26,23690,17880.0,42680.0,80020.0,33690.0
1264,2022-01-27,23320,18020.0,42240.0,77050.0,33020.0
1265,2022-01-28,23090,18120.0,42550.0,75360.0,33020.0
1266,2022-02-07,23190,19160.0,42060.0,78240.0,32490.0
1267,2022-02-08,23890,19210.0,42020.0,77900.0,32659.0
1268,2022-02-09,23790,19630.0,42950.0,76880.0,32530.0
1269,2022-02-10,23760,19540.0,42950.0,77310.0,32890.0
1270,2022-02-11,23860,19540.0,42510.0,76210.0,32930.0
1271,2022-02-14,22720,18780.0,39710.0,72820.0,30960.0
1272,2022-02-15,23060,18880.0,41000.0,73670.0,31280.0
1273,2022-02-16,22850,19060.0,40070.0,73670.0,31010.0
1274,2022-02-17,22920,19300.0,40820.0,74090.0,31230.0
1275,2022-02-18,22620,19630.0,39670.0,73840.0,30960.0
1276,2022-02-21,22990,20340.0,40150.0,74010.0,30790.0
1277,2022-02-22,23190,19780.0,40820.0,73500.0,30960.0
1278,2022-02-23,23120,20070.0,40460.0,73580.0,31190.0
1279,2022-02-24,23020,19540.0,39580.0,72230.0,30290.0
1280,2022-02-25,22950,20200.0,39530.0,72060.0,30290.0
1281,2022-02-28,22650,20020.0,38780.0,71550.0,29670.0
1282,2022-03-01,22620,20200.0,39130.0,71970.0,29800.0
1283,2022-03-02,21990,19970.0,37670.0,71970.0,28640.0
1284,2022-03-03,22350,20340.0,37980.0,72400.0,29170.0
1285,2022-03-04,22920,20730.0,38420.0,71890.0,29310.0
1286,2022-03-07,22220,20390.0,37490.0,71890.0,28770.0
1287,2022-03-08,21790,20150.0,36920.0,69010.0,28680.0
1288,2022-03-09,21850,20110.0,35940.0,70280.0,28640.0
1289,2022-03-10,21990,20200.0,36340.0,70700.0,28730.0
1290,2022-03-11,21850,19630.0,37140.0,70960.0,28860.0
1291,2022-03-14,21850,18830.0,36650.0,71300.0,28550.0
1292,2022-03-15,21920,18930.0,37360.0,68670.0,28590.0
1293,2022-03-16,21920,19010.0,36920.0,69860.0,28640.0
1294,2022-03-17,22050,19260.0,38600.0,70280.0,29260.0
1295,2022-03-18,21920,19260.0,38960.0,71300.0,29350.0
1296,2022-03-21,22020,19450.0,38870.0,71890.0,29400.0
1297,2022-03-22,22250,19580.0,38600.0,71890.0,29530.0
1298,2022-03-23,22190,19630.0,38510.0,71890.0,29400.0
1299,2022-03-24,21990,19450.0,38250.0,70700.0,29130.0
1300,2022-03-25,21850,19300.0,38560.0,69860.0,28820.0
1301,2022-03-28,21620,18970.0,36920.0,69770.0,28460.0
1302,2022-03-29,21620,19060.0,37630.0,69350.0,28640.0
1303,2022-03-30,21790,18880.0,38650.0,69430.0,28680.0
1304,2022-03-31,22090,18830.0,38600.0,69520.0,29040.0
1305,2022-04-01,22320,18970.0,39360.0,70110.0,29580.0
1306,2022-04-04,22390,20300.0,39270.0,69940.0,29400.0
1307,2022-04-05,22050,19730.0,38420.0,70280.0,28950.0
1308,2022-04-06,22190,19680.0,38600.0,71630.0,29170.0
1309,2022-04-07,22450,19160.0,38200.0,70280.0,29130.0
1310,2022-04-08,22620,18740.0,37180.0,70280.0,28680.0
1311,2022-04-12,22350,17550.0,35890.0,69770.0,27740.0
1312,2022-04-13,22490,18020.0,36290.0,69770.0,28190.0
1313,2022-04-14,22590,17740.0,35940.0,68590.0,27920.0
1314,2022-04-15,22420,17030.0,34870.0,67910.0,27740.0
1315,2022-04-18,21920,15840.0,33680.0,65790.0,26130.0
1316,2022-04-19,21150,14840.0,33680.0,65790.0,25730.0
1317,2022-04-20,21320,14790.0,33680.0,66380.0,25680.0
1318,2022-04-21,21050,14790.0,34160.0,66380.0,25950.0
1319,2022-04-22,21580,14710.0,34160.0,69600.0,26310.0
1320,2022-04-25,20380,13700.0,31810.0,69260.0,24480.0
1321,2022-04-26,20650,14040.0,32740.0,68160.0,24740.0
1322,2022-04-27,20650,14320.0,33010.0,69010.0,25330.0
1323,2022-04-28,20720,14420.0,32570.0,69010.0,25240.0
1324,2022-04-29,21850,14510.0,33060.0,68500.0,24830.0
1325,2022-05-04,21220,14180.0,33060.0,67650.0,24160.0
1326,2022-05-05,21180,14040.0,33900.0,68590.0,24970.0
1327,2022-05-06,20720,13090.0,32830.0,67230.0,24160.0
1328,2022-05-09,20450,12190.0,30570.0,65960.0,22510.0
1329,2022-05-10,20580,12810.0,31770.0,67740.0,22550.0
1330,2022-05-11,21120,12660.0,32030.0,67740.0,23890.0
1331,2022-05-12,19710,11810.0,29820.0,65200.0,22370.0
1332,2022-05-13,18380,11010.0,28220.0,61810.0,21390.0
1333,2022-05-16,18440,11100.0,28570.0,62830.0,21970.0
1334,2022-05-17,19550,11850.0,30570.0,64349.0,23490.0
1335,2022-05-18,19350,12000.0,30970.0,63840.0,23800.0
1336,2022-05-19,19110,12000.0,30750.0,64349.0,23360.0
1337,2022-05-20,19410,12050.0,30610.0,63760.0,23180.0
1338,2022-05-23,19010,11570.0,29590.0,63000.0,22370.0
1339,2022-05-24,19250,11670.0,29950.0,64010.0,23270.0
1340,2022-05-25,20050,12140.0,30970.0,65200.0,24070.0
1341,2022-05-26,20280,12470.0,31150.0,64940.0,23890.0
1342,2022-05-27,21250,12420.0,31320.0,65540.0,24160.0
1343,2022-05-30,21350,12620.0,31720.0,66050.0,24430.0
1344,2022-05-31,21080,12370.0,31320.0,66810.0,24970.0
1345,2022-06-01,20780,12290.0,31190.0,68160.0,24830.0
1346,2022-06-02,21180,12050.0,30790.0,66890.0,24830.0
1347,2022-06-03,21130,11760.0,30480.0,65620.0,24520.0
1348,2022-06-06,21130,11670.0,30350.0,67490.0,24340.0
1349,2022-06-07,20840,11380.0,29820.0,68590.0,24520.0
1350,2022-06-08,21470,11760.0,30440.0,67060.0,24790.0
1351,2022-06-09,21510,12140.0,30610.0,65880.0,24790.0
1352,2022-06-10,21050,11670.0,29990.0,65790.0,24250.0
1353,2022-06-13,19960,10860.0,28350.0,64690.0,22600.0
1354,2022-06-14,20130,10390.0,28660.0,65200.0,22600.0
1355,2022-06-15,19710,9680.0,28400.0,64780.0,21930.0
1356,2022-06-16,20130,9680.0,28660.0,66980.0,22100.0
1357,2022-06-17,19300,9000.0,28040.0,64440.0,21080.0
1358,2022-06-20,19130,8370.0,26180.0,64349.0,20230.0
1359,2022-06-21,19210,8150.0,26890.0,65790.0,20630.0
1360,2022-06-22,19840,8650.0,27070.0,64349.0,21120.0
1361,2022-06-23,19840,8720.0,27510.0,64269.0,22600.0
1362,2022-06-24,19880,9050.0,27690.0,63510.0,22150.0
1363,2022-06-27,20010,9480.0,28170.0,63420.0,22910.0
1364,2022-06-28,20470,9440.0,29860.0,64610.0,23890.0
1365,2022-06-29,20210,9460.0,30970.0,63930.0,24030.0
1366,2022-06-30,20050,8920.0,29730.0,63340.0,23400.0
1367,2022-07-01,20090,9300.0,31100.0,62660.0,24120.0
1368,2022-07-04,20260,9870.0,31100.0,62740.0,23800.0
1369,2022-07-05,20420,9630.0,32210.0,62660.0,24160.0
1370,2022-07-06,20210,9300.0,31590.0,61640.0,23130.0
1371,2022-07-07,20170,9160.0,32210.0,63930.0,23540.0
1372,2022-07-08,20050,9480.0,31060.0,62660.0,23180.0
1373,2022-07-11,19630,9390.0,30610.0,60970.0,22820.0
1374,2022-07-12,20050,9680.0,32299.0,60880.0,23000.0
1375,2022-07-13,20050,9680.0,31990.0,60800.0,23760.0
1376,2022-07-14,20090,10340.0,32080.0,61300.0,24160.0
1377,2022-07-15,20050,10290.0,31770.0,61220.0,24160.0
1378,2022-07-18,19960,10340.0,31500.0,60970.0,24070.0
1379,2022-07-19,19960,10100.0,31640.0,60370.0,23760.0
1380,2022-07-20,20300,10340.0,32299.0,61390.0,24210.0
1381,2022-07-21,20590,10290.0,32390.0,61390.0,24610.0
1382,2022-07-22,20340,10150.0,31500.0,61390.0,24070.0
1383,2022-07-25,20090,10150.0,31410.0,61730.0,23800.0
1384,2022-07-26,20090,9960.0,31550.0,62570.0,23760.0
1385,2022-07-27,20210,10290.0,31550.0,63510.0,24160.0
1386,2022-07-28,20420,10620.0,32390.0,63760.0,24700.0
1387,2022-07-29,20550,10620.0,33100.0,63250.0,24340.0
1388,2022-08-01,20880,11290.0,34610.0,65200.0,25680.0
1389,2022-08-02,20720,11380.0,34250.0,65880.0,25730.0
1390,2022-08-03,20840,11380.0,34870.0,67320.0,26040.0
1391,2022-08-04,20880,11380.0,34870.0,69860.0,25820.0
1392,2022-08-05,20760,11760.0,34610.0,69430.0,25950.0
1393,2022-08-08,20670,11570.0,34430.0,69430.0,25950.0
1394,2022-08-09,20840,11570.0,34300.0,68420.0,25770.0
1395,2022-08-10,20760,11480.0,34080.0,68160.0,25460.0
1396,2022-08-11,20670,11330.0,33990.0,69010.0,25510.0
1397,2022-08-12,20720,11480.0,34790.0,69090.0,25640.0
1398,2022-08-15,20840,11670.0,36380.0,69260.0,26360.0
1399,2022-08-16,20760,11620.0,35940.0,69010.0,26130.0
1400,2022-08-17,20840,11570.0,35500.0,69010.0,26040.0
1401,2022-08-18,21010,11670.0,35140.0,69010.0,25730.0
1402,2022-08-19,20760,11810.0,34920.0,68500.0,25280.0
1403,2022-08-22,20590,12240.0,34120.0,67740.0,25060.0
1404,2022-08-23,20720,12810.0,35050.0,67910.0,25060.0
1405,2022-08-24,20760,12710.0,34870.0,69430.0,25240.0
1406,2022-08-25,20880,12810.0,34870.0,69430.0,25680.0
1407,2022-08-26,20720,12470.0,34960.0,69860.0,25460.0
1408,2022-08-29,20510,12100.0,34610.0,69860.0,24970.0
1409,2022-08-30,20510,11900.0,35320.0,72820.0,25420.0
1410,2022-08-31,20590,12050.0,35500.0,71130.0,25280.0
1411,2022-09-05,20470,11900.0,35050.0,69940.0,25010.0
1412,2022-09-06,20590,11900.0,35540.0,70030.0,25280.0
1413,2022-09-07,20300,11190.0,33540.0,67740.0,24480.0
1414,2022-09-08,20050,11010.0,32570.0,66050.0,24030.0
1415,2022-09-09,20050,11010.0,32830.0,66720.0,24030.0
1416,2022-09-12,19840,11050.0,32740.0,66980.0,24210.0
1417,2022-09-13,19880,11100.0,32659.0,66550.0,24610.0
1418,2022-09-14,19630,11380.0,32390.0,66300.0,24160.0
1419,2022-09-15,19670,11240.0,31720.0,67060.0,24070.0
1420,2022-09-16,19340,10810.0,31500.0,67740.0,23450.0
1421,2022-09-19,19090,10100.0,30350.0,66720.0,22820.0
1422,2022-09-20,19130,10290.0,31190.0,67060.0,23270.0
1423,2022-09-21,18880,10340.0,30840.0,66810.0,22870.0
1424,2022-09-22,19050,10520.0,31190.0,66050.0,22730.0
1425,2022-09-23,18880,10340.0,30840.0,64269.0,22370.0
1426,2022-09-26,18540,9680.0,29640.0,63510.0,21030.0
1427,2022-09-27,18710,9680.0,29910.0,62910.0,20990.0
1428,2022-09-28,18380,9680.0,29730.0,63510.0,20850.0
1429,2022-09-29,18380,9300.0,29730.0,62660.0,20230.0
1430,2022-09-30,18540,9300.0,30080.0,61980.0,20760.0
1431,2022-10-03,18040,8650.0,28000.0,59780.0,19330.0
1432,2022-10-04,17540,8250.0,27510.0,60370.0,18570.0
1433,2022-10-05,17370,8720.0,28220.0,60540.0,19690.0
1434,2022-10-06,16710,8370.0,27510.0,59360.0,19150.0
1435,2022-10-07,15580,7790.0,25910.0,56480.0,17850.0
1436,2022-10-10,15620,7970.0,26620.0,55120.0,18520.0
1437,2022-10-11,14620,7420.0,25290.0,52500.0,17720.0
1438,2022-10-12,15620,7580.0,27020.0,54190.0,18930.0
1439,2022-10-13,16660,7600.0,28800.0,56310.0,20050.0
1440,2022-10-14,17420,7790.0,29280.0,57660.0,20310.0
1441,2022-10-17,17500,7910.0,29020.0,56140.0,20180.0
1442,2022-10-18,17880,8070.0,29110.0,57320.0,20580.0
1443,2022-10-19,17630,7970.0,29280.0,57490.0,20760.0
1444,2022-10-20,17830,7830.0,29420.0,58590.0,20810.0
1445,2022-10-21,17040,7310.0,28930.0,57580.0,19380.0
1446,2022-10-24,16290,6800.0,26930.0,57580.0,18790.0
1447,2022-10-25,17040,6660.0,27780.0,59190.0,20090.0
1448,2022-10-26,17250,6660.0,28130.0,59270.0,20050.0
1449,2022-10-27,18420,7120.0,30080.0,60710.0,21430.0
1450,2022-10-28,18630,7210.0,29990.0,60630.0,21520.0
1451,2022-10-31,18710,7240.0,30660.0,62240.0,22020.0
1452,2022-11-01,18750,7510.0,30220.0,63510.0,21880.0
1453,2022-11-02,18210,7500.0,29910.0,62320.0,21480.0
1454,2022-11-03,17830,7190.0,29280.0,61810.0,21120.0
1455,2022-11-04,16830,6830.0,29550.0,60800.0,21930.0
1456,2022-11-07,17250,6560.0,29550.0,60800.0,20900.0
1457,2022-11-08,17790,6690.0,30970.0,61470.0,21340.0
1458,2022-11-09,17330,6650.0,32080.0,62660.0,21880.0
1459,2022-11-10,16710,6190.0,30790.0,61640.0,20360.0
1460,2022-11-11,17370,6210.0,31950.0,63930.0,21120.0
1461,2022-11-14,16960,5870.0,31860.0,63590.0,21390.0
1462,2022-11-15,15950,5460.0,29640.0,63510.0,20940.0
1463,2022-11-16,17040,5840.0,31680.0,63590.0,22190.0
1464,2022-11-17,17580,6190.0,31640.0,64780.0,22370.0
1465,2022-11-18,17670,6440.0,31900.0,64780.0,22100.0
1466,2022-11-21,17210,6480.0,31500.0,63510.0,21570.0
1467,2022-11-22,17000,6610.0,32350.0,62240.0,21390.0
1468,2022-11-23,17250,6500.0,33190.0,62240.0,21840.0
1469,2022-11-24,17540,6380.0,33720.0,61810.0,22020.0
1470,2022-11-25,17960,6830.0,35500.0,61900.0,23090.0
1471,2022-11-28,18590,7310.0,35050.0,64940.0,24430.0
1472,2022-11-29,18500,7580.0,36380.0,67570.0,24520.0
1473,2022-11-30,18460,7680.0,36470.0,68590.0,24390.0
1474,2022-12-01,18790,7720.0,34610.0,67740.0,23400.0
1475,2022-12-02,19630,8230.0,36560.0,71970.0,25010.0
1476,2022-12-05,19710,8590.0,36600.0,71970.0,25590.0
1477,2022-12-06,18630,7990.0,34700.0,67740.0,24160.0
1478,2022-12-07,18630,7450.0,34610.0,66470.0,24480.0
1479,2022-12-08,18920,7960.0,34610.0,65200.0,24880.0
1480,2022-12-09,19250,7970.0,34790.0,65450.0,25100.0
1481,2022-12-12,18790,7760.0,33810.0,65540.0,24570.0
1482,2022-12-13,19250,8109.0,34340.0,66220.0,25190.0
1483,2022-12-14,19340,8070.0,34430.0,66720.0,24970.0
1484,2022-12-15,19380,8100.0,34610.0,67320.0,25280.0
1485,2022-12-16,19210,8119.0,34520.0,67490.0,25100.0
1486,2022-12-19,19000,8150.0,34430.0,67060.0,24660.0
1487,2022-12-20,18840,7760.0,34160.0,66890.0,25060.0
1488,2022-12-21,19050,7310.0,34250.0,66640.0,24610.0
1489,2022-12-22,19130,7350.0,34610.0,67150.0,24700.0
1490,2022-12-23,19130,7400.0,34610.0,66980.0,24740.0
1491,2022-12-26,18460,6920.0,34430.0,66810.0,23310.0
1492,2022-12-27,18420,7280.0,35500.0,66980.0,23800.0
1493,2022-12-27,18460,7280.0,35500.0,66980.0,23800.0
1494,2022-12-28,18380,7310.0,37180.0,67740.0,24300.0
1495,2022-12-29,18380,7230.0,35500.0,68330.0,24160.0
1496,2022-12-30,18290,7230.0,34250.0,67740.0,24390.0
1497,2023-01-03,18960,7710.0,36560.0,69940.0,25060.0
1498,2023-01-04,18920,7710.0,36210.0,70110.0,25510.0
1499,2023-01-05,19090,7710.0,36160.0,71130.0,25510.0
1500,2023-01-06,19340,7710.0,36960.0,71130.0,25590.0
1501,2023-01-09,19300,7640.0,36380.0,73580.0,26040.0
1502,2023-01-10,19590,7520.0,36650.0,73920.0,25550.0
1503,2023-01-11,20210,7750.0,36600.0,72060.0,26040.0
1504,2023-01-12,20470,7700.0,36780.0,71800.0,25860.0
1505,2023-01-13,20170,7760.0,37090.0,72650.0,26040.0
1506,2023-01-16,20880,7710.0,39670.0,73920.0,26850.0
1507,2023-01-17,21130,7940.0,39890.0,75700.0,27380.0
1508,2023-01-18,21300,7940.0,40020.0,76210.0,27520.0
1509,2023-01-19,21720,8090.0,40780.0,78750.0,27830.0
1510,2023-01-27,22010,8140.0,39530.0,78750.0,27160.0
1511,2023-01-30,21220,8150.0,39490.0,76120.0,26620.0
1512,2023-01-31,21760,8189.0,40020.0,77820.0,27300.0
1513,2023-02-01,21050,7910.0,37980.0,75440.0,25950.0
1514,2023-02-02,20880,7800.0,38290.0,76710.0,26130.0
1515,2023-02-03,20470,7770.0,38470.0,78750.0,26000.0
1516,2023-02-06,20800,7790.0,39930.0,81290.0,26760.0
1517,2023-02-07,20550,7700.0,38870.0,77900.0,26130.0
1518,2023-02-08,20590,7760.0,39490.0,79760.0,26760.0
1519,2023-02-09,20470,7710.0,39050.0,78750.0,26310.0
1520,2023-02-10,20210,7580.0,38110.0,80020.0,26040.0
1521,2023-02-13,19960,7080.0,39400.0,79170.0,26090.0
1522,2023-02-14,19920,7260.0,38510.0,78320.0,25680.0
1523,2023-02-15,20510,7420.0,39050.0,78750.0,25860.0
1524,2023-02-16,20720,7530.0,39930.0,78240.0,26580.0
1525,2023-02-17,20720,7520.0,40640.0,78750.0,26530.0
1526,2023-02-20,21550,7990.0,41880.0,79420.0,27250.0
1527,2023-02-21,21300,7900.0,41040.0,79760.0,26710.0
1528,2023-02-22,20760,7610.0,39930.0,78750.0,25860.0
1529,2023-02-23,21220,7610.0,40420.0,79000.0,25950.0
1530,2023-02-24,20550,7470.0,39580.0,79170.0,25280.0
1531,2023-02-27,20260,7420.0,39270.0,78580.0,24660.0
1532,2023-02-28,20380,7430.0,39130.0,79170.0,24520.0
1533,2023-03-01,21010,7610.0,40510.0,78750.0,25280.0
1534,2023-03-02,20930,7570.0,41170.0,78920.0,24880.0
1535,2023-03-03,20470,7440.0,40730.0,76970.0,24880.0
1536,2023-03-06,20300,7520.0,40640.0,77050.0,25370.0
1537,2023-03-07,20470,7520.0,41620.0,77820.0,25950.0
1538,2023-03-08,20880,7580.0,42590.0,78070.0,26310.0
1539,2023-03-09,21180,7660.0,42280.0,78750.0,26310.0
1540,2023-03-10,20800,7580.0,41840.0,77980.0,26130.0
1541,2023-03-13,20470,7480.0,41040.0,77480.0,26220.0
1542,2023-03-14,20090,7320.0,39980.0,77050.0,25950.0
1543,2023-03-15,20720,7840.0,41530.0,77390.0,26400.0
1544,2023-03-16,20380,7810.0,41040.0,77050.0,25910.0
1545,2023-03-17,20340,7800.0,41090.0,75360.0,25950.0
1546,2023-03-20,20050,7610.0,40240.0,72060.0,25060.0
1547,2023-03-21,20210,7740.0,40240.0,73240.0,25330.0
1548,2023-03-22,20300,7720.0,40730.0,75360.0,25420.0
1549,2023-03-23,20420,7840.0,40730.0,75610.0,25550.0
1550,2023-03-24,20550,7890.0,40380.0,75700.0,25330.0
1551,2023-03-27,20510,8240.0,40690.0,77050.0,25730.0
1552,2023-03-28,20470,8140.0,41170.0,77050.0,25910.0
1553,2023-03-29,20420,8290.0,40640.0,78150.0,25950.0
1554,2023-03-30,20550,8530.0,41260.0,78490.0,25820.0
1555,2023-03-31,20930,9050.0,41040.0,77730.0,26000.0
1556,2023-04-03,21130,9390.0,40730.0,78580.0,26800.0
1557,2023-04-04,21050,9540.0,40780.0,77820.0,26530.0
1558,2023-04-05,21050,9780.0,40730.0,77900.0,26850.0
1559,2023-04-06,20970,9400.0,41220.0,77390.0,26530.0
1560,2023-04-07,20880,9630.0,40510.0,76210.0,26400.0
1561,2023-04-10,20800,9730.0,39710.0,75440.0,26220.0
1562,2023-04-11,20800,9730.0,39400.0,76120.0,26310.0
1563,2023-04-12,20760,9450.0,39400.0,74600.0,26360.0
1564,2023-04-13,20840,9250.0,39840.0,74600.0,26090.0
1565,2023-04-14,20760,9250.0,39800.0,75020.0,26090.0
1566,2023-04-17,20880,9430.0,39980.0,74850.0,26130.0
1567,2023-04-18,20760,9690.0,39620.0,74430.0,26040.0
1568,2023-04-19,20380,10410.0,39440.0,74680.0,25730.0
1569,2023-04-20,20210,10600.0,39440.0,74940.0,25730.0
1570,2023-04-21,20260,11230.0,39310.0,74510.0,25550.0
1571,2023-04-24,20130,11470.0,38820.0,74680.0,26090.0
1572,2023-04-25,20210,10940.0,38340.0,74510.0,25590.0
1573,2023-04-26,20130,11280.0,39000.0,75020.0,25730.0
1574,2023-04-27,20130,11080.0,38870.0,75780.0,25370.0
1575,2023-04-28,20340,11130.0,38780.0,76040.0,25680.0
1576,2023-05-04,20510,11660.0,38470.0,75280.0,25280.0
1577,2023-05-05,20550,11710.0,38820.0,75870.0,24920.0
1578,2023-05-08,20880,11810.0,39800.0,78750.0,25010.0
1579,2023-05-09,20840,11760.0,40070.0,78240.0,25150.0
1580,2023-05-10,20800,11810.0,40110.0,77980.0,25240.0
1581,2023-05-11,20880,11760.0,39930.0,77140.0,25330.0
1582,2023-05-12,20840,11900.0,39930.0,78240.0,25420.0
1583,2023-05-15,20840,11850.0,39930.0,78070.0,25280.0
1584,2023-05-16,20880,11760.0,39890.0,78320.0,25060.0
1585,2023-05-17,20800,11660.0,39930.0,78410.0,24660.0
1586,2023-05-18,20930,11950.0,39760.0,80780.0,24920.0
1587,2023-05-19,20840,12050.0,39440.0,79510.0,25190.0
1588,2023-05-22,20880,12100.0,39580.0,78830.0,25010.0
1589,2023-05-23,21010,12000.0,38910.0,78150.0,24830.0
1590,2023-05-24,21010,12580.0,38600.0,78410.0,24830.0
1591,2023-05-25,20970,12240.0,38820.0,78920.0,24700.0
1592,2023-05-26,20880,12240.0,38510.0,77900.0,24880.0
1593,2023-05-29,21010,12530.0,38960.0,78830.0,25060.0
1594,2023-05-30,21050,12670.0,38870.0,80020.0,25100.0
1595,2023-05-31,21220,12530.0,39050.0,79590.0,25060.0
1596,2023-06-01,21400,12530.0,38960.0,79510.0,25010.0
1597,2023-06-02,21800,12630.0,39670.0,80360.0,25640.0
1598,2023-06-05,21750,12630.0,39670.0,82980.0,25730.0
1599,2023-06-06,21800,12870.0,39760.0,83830.0,25680.0
1600,2023-06-07,21850,12770.0,39360.0,82130.0,25860.0
1601,2023-06-08,21600,12100.0,38780.0,84670.0,25550.0
1602,2023-06-09,21550,12340.0,38560.0,85100.0,25370.0
1603,2023-06-12,21450,12140.0,38730.0,85520.0,25420.0
1604,2023-06-13,21600,12340.0,39360.0,86790.0,25330.0
1605,2023-06-14,21650,12240.0,39050.0,86880.0,25680.0
1606,2023-06-15,21700,12140.0,38910.0,87640.0,25950.0
1607,2023-06-16,21800,12380.0,38780.0,88910.0,25510.0
1608,2023-06-19,21650,12430.0,38420.0,86110.0,25590.0
1609,2023-06-20,21650,12630.0,38600.0,84590.0,26130.0
1610,2023-06-21,21700,13490.0,38510.0,84670.0,26090.0
1611,2023-06-22,21650,13780.0,39000.0,85010.0,26360.0
1612,2023-06-23,21900,14410.0,39310.0,84590.0,26180.0
1613,2023-06-26,22250,14460.0,39310.0,84670.0,26180.0
1614,2023-06-27,22200,14360.0,39310.0,84670.0,26270.0
1615,2023-06-28,22300,14220.0,40240.0,85610.0,26850.0
1616,2023-06-29,21900,13490.0,39490.0,86280.0,26760.0
1617,2023-06-30,22050,13640.0,38470.0,84670.0,26400.0
1618,2023-07-03,22050,13690.0,39490.0,84670.0,26180.0
1619,2023-07-04,22000,14460.0,39050.0,84670.0,26360.0
1620,2023-07-05,21950,14120.0,39360.0,86370.0,26440.0
1621,2023-07-06,21700,14120.0,39000.0,85270.0,26270.0
1622,2023-07-07,21700,14260.0,39310.0,88910.0,26490.0
1623,2023-07-10,21950,14500.0,41660.0,86960.0,26580.0
1624,2023-07-11,22000,14410.0,41310.0,87210.0,27120.0
1625,2023-07-12,21850,14600.0,41440.0,88060.0,26850.0
1626,2023-07-13,22000,14650.0,41620.0,88820.0,26850.0
1627,2023-07-14,22000,14650.0,41490.0,88910.0,26760.0
1628,2023-07-17,22000,14750.0,41000.0,88740.0,26580.0
1629,2023-07-18,22000,14550.0,41440.0,88310.0,26710.0
1630,2023-07-19,22000,14410.0,41040.0,90180.0,26760.0
1631,2023-07-20,22000,14460.0,41040.0,88910.0,26530.0
1632,2023-07-21,22100,15030.0,41490.0,88910.0,26580.0
1633,2023-07-24,22050,15080.0,41530.0,88570.0,26710.0
1634,2023-07-25,22300,14840.0,41840.0,91700.0,26760.0
1635,2023-07-26,22300,14750.0,42020.0,93400.0,26670.0
1636,2023-07-27,22150,14600.0,41440.0,92700.0,26270.0
1637,2023-07-28,22200,14990.0,41440.0,93000.0,26400.0
1638,2023-07-31,22950,15030.0,41880.0,91600.0,26850.0
1639,2023-08-01,22850,14650.0,42770.0,91200.0,27210.0
1640,2023-08-02,23100,14700.0,43570.0,91500.0,27790.0
1641,2023-08-03,23450,14840.0,43080.0,90600.0,27650.0
1642,2023-08-04,24400,15080.0,42950.0,90100.0,27740.0
1643,2023-08-07,23750,15560.0,43350.0,90800.0,29170.0
1644,2023-08-08,23400,15370.0,43170.0,90700.0,29170.0
1645,2023-08-09,23200,15080.0,42770.0,90200.0,29080.0
1646,2023-08-10,22900,14990.0,41260.0,88500.0,28320.0
1647,2023-08-11,22900,15420.0,41440.0,90400.0,28730.0
1648,2023-08-14,23050,15900.0,42240.0,89000.0,28910.0
1649,2023-08-15,22850,15660.0,41710.0,88900.0,29000.0
1650,2023-08-16,22900,15610.0,42150.0,89200.0,28950.0
1651,2023-08-17,22850,15810.0,41800.0,89400.0,29170.0
1652,2023-08-18,21900,14750.0,39220.0,89500.0,27470.0
1653,2023-08-21,22000,14460.0,40460.0,89800.0,28640.0
1654,2023-08-22,22050,14650.0,40640.0,88400.0,28230.0
1655,2023-08-23,21850,14460.0,40550.0,86300.0,28010.0
1656,2023-08-24,22050,14890.0,40640.0,87000.0,28410.0
1657,2023-08-25,21950,15130.0,40110.0,86200.0,27880.0
1658,2023-08-28,22050,15470.0,40290.0,87000.0,27880.0
1659,2023-08-29,22050,15900.0,40640.0,88400.0,27970.0
1660,2023-08-30,22450,16670.0,41000.0,89100.0,28730.0
1661,2023-08-31,22600,16720.0,41660.0,89100.0,29040.0
1662,2023-09-05,22750,16720.0,42150.0,90100.0,29220.0
1663,2023-09-06,22950,17110.0,41970.0,90200.0,29220.0
1664,2023-09-07,22900,17150.0,42020.0,89500.0,29220.0
1665,2023-09-08,22750,17060.0,41710.0,89500.0,28910.0
1666,2023-09-11,22350,17250.0,41260.0,88500.0,28550.0
1667,2023-09-12,22750,18460.0,41710.0,89900.0,28910.0
1668,2023-09-13,22550,18500.0,41710.0,89100.0,29130.0
1669,2023-09-14,22450,18990.0,41490.0,89100.0,29710.0
1670,2023-09-15,22650,18550.0,41530.0,89800.0,29310.0
1671,2023-09-18,22450,18700.0,40600.0,88800.0,28680.0
1672,2023-09-19,22300,18700.0,40110.0,88100.0,28730.0
1673,2023-09-20,22450,19560.0,40550.0,88000.0,28680.0
1674,2023-09-21,22400,18650.0,40110.0,87000.0,28370.0
1675,2023-09-22,22300,17350.0,40860.0,89300.0,28320.0
1676,2023-09-25,22000,16140.0,40020.0,89300.0,26670.0
1677,2023-09-26,21900,15610.0,39360.0,87000.0,27120.0
1678,2023-09-27,22000,16670.0,39400.0,87800.0,27740.0
1679,2023-09-28,21750,16960.0,39360.0,88000.0,27610.0
1680,2023-09-29,21850,16720.0,39360.0,87500.0,26890.0
1681,2023-10-02,21900,17110.0,39000.0,86500.0,26800.0
1682,2023-10-03,21600,15950.0,36870.0,86300.0,26040.0
1683,2023-10-04,21600,16500.0,37710.0,86300.0,25860.0
1684,2023-10-05,21600,15800.0,36920.0,84500.0,25150.0
1685,2023-10-06,21800,16100.0,37450.0,85400.0,25680.0
1686,2023-10-09,22500,16300.0,37230.0,84600.0,26090.0
1687,2023-10-10,22800,16550.0,37310.0,86100.0,26220.0
1688,2023-10-11,22700,17500.0,37270.0,86500.0,26400.0
1689,2023-10-12,22700,17300.0,37400.0,86000.0,26490.0
1690,2023-10-13,22650,16950.0,37710.0,86600.0,26220.0
1691,2023-10-16,22600,16700.0,36960.0,86100.0,25770.0
1692,2023-10-17,22450,15550.0,36650.0,85900.0,25590.0
1693,2023-10-18,22050,14950.0,35500.0,85900.0,25370.0
1694,2023-10-19,21800,13950.0,35670.0,84500.0,25590.0
1695,2023-10-20,21900,14600.0,35940.0,84800.0,26310.0
1696,2023-10-23,21800,14000.0,35760.0,84500.0,26220.0
1697,2023-10-24,21900,14300.0,36650.0,86000.0,26400.0
1698,2023-10-25,21900,14100.0,36160.0,85800.0,25950.0
1699,2023-10-26,21100,13150.0,35980.0,84500.0,25370.0
1700,2023-10-27,21550,13100.0,37270.0,85000.0,25240.0
1701,2023-10-30,21300,12500.0,36380.0,85900.0,24740.0
1702,2023-10-31,21400,11750.0,35670.0,86800.0,24790.0
1703,2023-11-01,21600,12550.0,35500.0,87800.0,24520.0
1704,2023-11-02,22300,13400.0,36960.0,89000.0,25280.0
1705,2023-11-03,22050,13450.0,36830.0,88900.0,25060.0
1706,2023-11-06,22200,13700.0,37090.0,89500.0,25550.0
1707,2023-11-07,22100,13550.0,37090.0,88300.0,25550.0
1708,2023-11-08,22800,14450.0,38070.0,89500.0,26180.0
1709,2023-11-09,22550,14950.0,38020.0,87900.0,26400.0
1710,2023-11-10,22400,14900.0,37450.0,86000.0,26310.0
1711,2023-11-13,22450,14800.0,37360.0,85500.0,26310.0
1712,2023-11-14,22700,14950.0,38160.0,86000.0,26670.0
1713,2023-11-15,23250,15000.0,39180.0,87700.0,27030.0
1714,2023-11-16,23300,15450.0,38820.0,88000.0,27070.0
1715,2023-11-17,22700,15000.0,38070.0,85600.0,26580.0
1716,2023-11-20,22500,15500.0,38290.0,86100.0,26440.0
1717,2023-11-21,22600,15650.0,39000.0,86600.0,26310.0
1718,2023-11-22,22700,15900.0,38690.0,86700.0,26490.0
1719,2023-11-23,22200,14800.0,38160.0,85500.0,26130.0
1720,2023-11-24,22050,15500.0,38730.0,86000.0,26490.0
1721,2023-11-27,21850,15150.0,38160.0,85800.0,26310.0
1722,2023-11-28,21900,15400.0,38850.0,85800.0,26220.0
1723,2023-11-29,22050,15600.0,39300.0,85100.0,26310.0
1724,2023-11-30,21950,15400.0,38850.0,84700.0,26300.0
1725,2023-12-01,21950,15650.0,39400.0,85000.0,26300.0
1726,2023-12-04,22300,16650.0,39800.0,86000.0,26550.0
1727,2023-12-05,22150,16600.0,39650.0,85400.0,26500.0
1728,2023-12-06,22300,16800.0,40000.0,85900.0,26650.0
1729,2023-12-07,22400,16350.0,40600.0,85200.0,26900.0
1730,2023-12-08,22400,16050.0,41900.0,85000.0,26900.0
1731,2023-12-11,22400,16050.0,41400.0,84200.0,26850.0
1732,2023-12-12,22500,15950.0,41900.0,84200.0,27000.0
1733,2023-12-13,22300,15800.0,41600.0,83700.0,26750.0
1734,2023-12-14,22500,15850.0,41600.0,84400.0,26750.0
1735,2023-12-15,22750,15900.0,41500.0,82200.0,26700.0
1736,2023-12-18,22800,15700.0,41000.0,81500.0,26050.0
1737,2023-12-19,23050,15950.0,41200.0,81200.0,26500.0
1738,2023-12-20,23200,16100.0,41300.0,81100.0,26550.0
1739,2023-12-21,23250,16050.0,41800.0,80900.0,26550.0
1740,2023-12-22,23200,15950.0,42450.0,80900.0,26450.0
1741,2023-12-25,23350,15900.0,43200.0,81800.0,26900.0
1742,2023-12-26,23250,16000.0,43000.0,82800.0,26800.0
1743,2023-12-27,23300,16200.0,43000.0,82700.0,26850.0
1744,2023-12-28,23750,16100.0,42700.0,82800.0,27100.0
1745,2023-12-29,23900,16050.0,43400.0,80300.0,27100.0
1746,2024-01-02,24450,15900.0,43000.0,83500.0,27200.0
1747,2024-01-03,25000,16050.0,43800.0,84500.0,27600.0
1748,2024-01-04,25300,16300.0,43650.0,85900.0,28600.0
1749,2024-01-05,25450,16400.0,44500.0,86200.0,29000.0
1750,2024-01-08,25350,17000.0,46400.0,86800.0,29550.0
1751,2024-01-09,25000,16850.0,46050.0,87800.0,30000.0
1752,2024-01-10,25250,16550.0,47400.0,89500.0,31000.0
1753,2024-01-11,25250,16800.0,46500.0,89300.0,31000.0
1754,2024-01-12,25800,16600.0,46000.0,88700.0,31500.0
1755,2024-01-15,25300,16200.0,46600.0,90000.0,31400.0
1756,2024-01-16,25400,16500.0,46900.0,90000.0,31400.0
1757,2024-01-17,25400,16600.0,46850.0,90900.0,31150.0
1758,2024-01-18,25600,16500.0,47500.0,91100.0,31500.0
1759,2024-01-19,25950,16450.0,49850.0,92600.0,32600.0
1760,2024-01-22,26300,16700.0,49800.0,92000.0,32650.0
1761,2024-01-23,26050,16600.0,49400.0,91500.0,32200.0
1762,2024-01-24,25800,16600.0,48900.0,91100.0,32000.0
1763,2024-01-25,25800,16600.0,48400.0,91000.0,32049.0
1764,2024-01-26,26300,16600.0,48950.0,92000.0,32100.0
1765,2024-01-29,25950,16500.0,48700.0,91200.0,32299.0
1766,2024-01-30,25950,16550.0,48450.0,91000.0,32200.0
1767,2024-01-31,25750,16400.0,47700.0,88500.0,31600.0
1768,2024-02-01,26000,16850.0,47250.0,89800.0,32049.0
1769,2024-02-02,26250,17200.0,46900.0,90300.0,31700.0
1770,2024-02-05,27800,17250.0,48650.0,90000.0,33900.0
1771,2024-02-06,27850,17350.0,48800.0,89500.0,34400.0
1772,2024-02-07,28000,17350.0,48950.0,90000.0,35500.0
1773,2024-02-15,27200,17300.0,48950.0,89900.0,35000.0
1774,2024-02-16,27600,17300.0,48550.0,89600.0,35250.0
1775,2024-02-19,27700,17200.0,49300.0,90200.0,35400.0
1776,2024-02-20,27550,17500.0,49400.0,91300.0,35200.0
1777,2024-02-21,27700,17400.0,49750.0,91200.0,35550.0
1778,2024-02-22,27650,17150.0,49750.0,89500.0,35700.0
1779,2024-02-23,27300,16550.0,52000.0,88900.0,35200.0
1780,2024-02-26,27500,17300.0,53600.0,89500.0,35650.0
1781,2024-02-27,27600,17400.0,53000.0,91100.0,36150.0
1782,2024-02-28,28000,17300.0,53900.0,97400.0,35950.0
1783,2024-02-29,28000,17450.0,53000.0,97300.0,35550.0
1784,2024-03-01,27800,18100.0,53500.0,97300.0,35600.0
1785,2024-03-04,27800,18100.0,53500.0,96000.0,36000.0
1786,2024-03-05,27950,18800.0,54400.0,95500.0,36450.0
1787,2024-03-06,27600,19100.0,54400.0,95600.0,36100.0
1788,2024-03-07,27500,20400.0,53300.0,95800.0,35800.0
1789,2024-03-08,27050,21000.0,51100.0,95100.0,34500.0
1790,2024-03-11,26750,21200.0,50500.0,94100.0,34150.0
1791,2024-03-12,26750,20900.0,52000.0,94400.0,34500.0
1792,2024-03-13,27650,21800.0,52600.0,96000.0,35150.0
1793,2024-03-14,27250,21350.0,51700.0,95000.0,34450.0
1794,2024-03-15,27350,21500.0,52200.0,94000.0,34750.0
